Order_ID,Order_Date,Customer_ID,Customer_Name,City,State,Region,Category,Product,Quantity,Unit_Price,Discount,Sales,Cost,Profit,Payment_Mode,Customer_Type
ORD00165,2024-01-18,CUST0528,Vivaan Kumar,Ahmedabad,Gujarat,West,Clothing,Denim Jeans,7,529.6,0,3707.2,2199.98,1507.22,Credit Card,New
ORD00663,2024-08-29,CUST0485,Saanvi Iyer,Noida,Uttar Pradesh,North,Clothing,Women Kurti,2,1879.23,0,3758.46,2222.02,1536.44,UPI,Returning
ORD01492,2024-07-02,CUST0106,Vihaan Mehta,Chennai,Tamil Nadu,South,Books,Cook Book,2,634.31,0.05,1205.19,939.85,265.34,Credit Card,New
ORD01178,2024-06-30,CUST0175,Pooja Yadav,Kolkata,West Bengal,East,grocery,Basmati Rice 5kg,8,282.73,0,2261.84,1438.21,823.63,Credit Card,Returning
ORD01267,2023-10-27,CUST0226,Arjun Kumar,Mumbai,Maharashtra,West,ELECTRONICS,Wireless Mouse,2,2496.93,0.05,4744.17,2664.86,2079.31,UPI,Returning
ORD01160,2023-07-14,CUST0459,Arjun Reddy,Chennai,Tamil Nadu,South,Home and Kitchen,Storage Container Set,4,406.95,0.15,1383.63,904.24,479.39,Debit Card,New
ORD00878,2023-04-09,CUST0230,Simran Patel,Bhubaneswar,Odisha,East,Home & Kitchen,Ceramic Mug Set,3,1102.38,0.15,2811.07,2214.92,596.15,Debit Card,Returning
ORD00860,2024-02-08,CUST0050,Karan Gupta,Chennai,Tamil Nadu,South,clothing,Women Kurti,6,1274.57,0.05,7265.05,4822.08,2442.97,UPI,New
ORD01558,2024-11-20,CUST0130,Ishaan Das,Bengaluru,Karnataka,South,grocery,Basmati Rice 5kg,4,870.51,0.2,2785.63,1630.47,1155.16,Cash on Delivery,New
ORD01699,2024-03-10,CUST0458,Riya Chauhan,Hyderabad,Telangana,South,Beauty,Moisturizer Cream,3,234.03,0,702.09,547.11,154.98,UPI,New
ORD01395,2023-08-06,CUST0422,Reyansh Kapoor,Mumbai,Maharashtra,West,Clothing,Formal Shirt,1,1217.95,0.05,1157.05,645.17,511.88,Cash on Delivery,Returning
ORD01671,2023-05-12,CUST0171,Aarav Reddy,Pune,Maharashtra,West,Home and Kitchen,Storage Container Set,3,1245.64,0,3736.92,2602.37,1134.55,Cash on Delivery,New
ORD00455,2024-11-22,CUST0310,Ananya Iyer,Bhubaneswar,Odisha,East, Grocery,Green Tea Pack,3,997.56,0.1,2693.41,1487.12,1206.29,Debit Card,Returning
ORD00421,2023-10-24,CUST0157,Priya Nair,Pune,Maharashtra,West,home & kitchen,LED Table Lamp,8,235.37,0.2,1506.37,846.83,659.54,Debit Card,Returning
ORD01579,2024-02-29,CUST0313,Kavya Patel,Kolkata,West Bengal,East,Beauty,Sunscreen SPF50,2,169.94,0.05,322.89,220.01,102.88,Cash on Delivery,New
ORD01934,2023-09-29,CUST0054,Kabir Patel,Indore,Madhya Pradesh,Central, Clothing ,Formal Shirt,8,1142.25,0.15,7767.3,5020.31,2746.99,Net Banking,Returning
ORD01187,2023-02-01,CUST0209,Rohit Verma,Bengaluru,Karnataka,South,Home and Kitchen,Non-Stick Pan,5,1393.61,0.1,6271.24,3655.39,2615.85,Cash on Delivery,New
ORD01467,2024-09-01,CUST0002,Aarav Chauhan,Lucknow,Uttar Pradesh,North,Electronics,Power Bank 10000mAh,5,1520.4,0.05,7221.9,4645.53,2576.37,UPI,New
ORD01629,2024-09-04,CUST0157,  Priya Nair  ,Mumbai,Maharashtra,West,beauty,Face Wash,2,117.33,0.2,187.73,149.35,38.38,Net Banking,New
ORD01656,2023-02-07,CUST0371,Ananya Singh,Jaipur,Rajasthan,North,Home and Kitchen,Steel Water Bottle,4,1029.24,0.2,3293.57,2253.66,1039.91,Net Banking,New
ORD02000,2024-10-24,CUST0429,Kabir Yadav,Ahmedabad,Gujarat,West,SPORTS,Yoga Mat,6,1560.02,0,9360.12,6494.02,2866.1,Cash on Delivery,Returning
ORD01937,2024-01-01,CUST0521,Ananya Chauhan,Ahmedabad,Gujarat,West, Beauty,Moisturizer Cream,3,275.93,0.15,703.62,492.54,211.08,Cash on Delivery,New
ORD00736,2023-01-15,CUST0035,Isha Das,Indore,Madhya Pradesh,Central,Grocery,Cooking Oil 1L,1,613.88,0.15,521.8,311.48,210.32,Cash on Delivery,Returning
ORD00157,2023-03-25,CUST0119,Reyansh Iyer,Lucknow,Uttar Pradesh,North,grocery,Almonds 500g,5,181.02,0,905.1,581.76,323.34,Net Banking,Returning
ORD00554,2024-01-20,CUST0409,Vivaan Kumar,Indore,Madhya Pradesh,Central,electronics,Laptop Stand,2,1241.13,0.25,1861.7,1074.72,786.98,Credit Card,New
ORD01246,2023-02-26,CUST0419,Karan Verma,Mumbai,Maharashtra,West,Electronics,Bluetooth Speaker,3,1536.36,0,4609.08,2766.03,1843.05,Credit Card,Returning
ORD00451,2024-10-22,CUST0384,Rohit Chauhan,Chennai,Tamil Nadu,South,sports,Cricket Bat,6,1407.59,0.25,6334.15,4234.0,2100.15,Cash on Delivery,Returning
ORD01961,2023-11-26,CUST0042,Kabir Nair,Bhopal,Madhya Pradesh,Central,Beauty,Lipstick,2,883.45,0.05,1678.56,1257.89,420.67,Cash on Delivery,Returning
ORD01367,2023-01-17,CUST0124,Isha Nair,Bhubaneswar,Odisha,East,SPORTS,Dumbbell Set 5kg,6,1416.6,0.1,7649.64,5664.73,1984.91,Net Banking,Returning
ORD00826,2024-07-06,CUST0169,Kavya Sharma,Bhopal,Madhya Pradesh,Central,ELECTRONICS,Webcam HD,3,1915.74,0,5747.22,4383.83,1363.39,Cash on Delivery,New
ORD01238,2023-06-05,CUST0143,Ishaan Yadav,Patna,Bihar,East,Beauty,Sunscreen SPF50,8,691.01,0.2,4422.46,2442.2,1980.26,Debit Card,Returning
ORD01212,2023-09-03,CUST0187,Vivaan Iyer,Chennai,Tamil Nadu,South,electronics,Webcam HD,7,1405.62,0.05,9347.37,5830.39,3516.98,Cash on Delivery,New
ORD01747,2024-01-25,CUST0125,Aadhya Nair,Bhopal,Madhya Pradesh,Central,Home & Kitchen,Steel Water Bottle,7,207.32,0.1,1306.12,866.68,439.44,UPI,New
ORD00229,2024-08-11,CUST0454,Myra Kapoor,Bengaluru,Karnataka,South,sports,Cricket Bat,8,1766.67,0,14133.36,9476.31,4657.05,Debit Card,New
ORD01561,2023-05-15,CUST0387,Saanvi Sharma,Bhubaneswar,Odisha,East, Grocery,Cooking Oil 1L,1,897.35,0.1,807.62,573.0,234.62,UPI,New
ORD00588,2023-02-21,CUST0114,Arjun Gupta,Noida,Uttar Pradesh,North,Electronics,Wireless Mouse,4,476.79,0.05,1811.8,1396.26,415.54,Net Banking,Returning
ORD00473,2023-06-05,CUST0039,Ananya Verma,Noida,Uttar Pradesh,North,books,Children Story Book,6,502.98,0.2,2414.3,1719.01,695.29,Debit Card,New
ORD01973,2024-01-26,CUST0391,Pooja Chauhan,Chennai,Tamil Nadu,South,Books,Cook Book,1,470.22,0,470.22,352.78,117.44,Credit Card,Returning
ORD01007,2024-02-20,CUST0463,Priya Yadav,Jaipur,Rajasthan,North,beauty,Hair Serum,8,571.1,0.15,3883.48,2497.05,1386.43,Net Banking,New
ORD00139,2023-08-26,CUST0533,Simran Sharma,Bengaluru,Karnataka,South,books,Cook Book,2,468.42,0.2,749.47,426.23,323.24,Cash on Delivery,New
ORD00354,2024-12-02,CUST0278,Diya Kumar,Patna,Bihar,East,books,Fiction Novel,6,601.82,0.1,3249.83,2090.46,1159.37,Net Banking,Returning
ORD00772,2024-03-08,CUST0318,Aarav Kumar,Noida,Uttar Pradesh,North,books,Cook Book,7,601.96,0.05,4003.03,3019.01,984.02,Net Banking,Returning
ORD00698,2023-04-04,CUST0024,Diya Verma,Bhubaneswar,Odisha,East,SPORTS,Dumbbell Set 5kg,4,2154.71,0.15,7326.01,5353.59,1972.42,Credit Card,New
ORD01717,2023-09-06,CUST0331,Neha Mehta,Kolkata,West Bengal,East, Beauty,Sunscreen SPF50,8,729.01,0,5832.08,4640.79,1191.29,Credit Card,New
ORD00631,2024-10-29,CUST0302,Simran Mehta,Kolkata,West Bengal,East,electronics,USB-C Charger,3,2761.06,0.05,7869.02,5917.57,1951.45,Cash on Delivery,Returning
ORD01724,2023-01-30,CUST0092,Myra Gupta,Jaipur,Rajasthan,North,home & kitchen,Steel Water Bottle,1,1244.16,0.1,1119.74,793.35,326.39,UPI,Returning
ORD00960,2023-08-31,CUST0257,Pooja Gupta,Indore,Madhya Pradesh,Central, Electronics,Laptop Stand,3,2742.62,0.25,6170.9,4423.42,1747.48,Credit Card,New
ORD00147,2023-10-15,CUST0484,Pooja Reddy,Hyderabad,Telangana,South,Home and Kitchen,Storage Container Set,2,521.21,0,1042.42,772.45,269.97,Credit Card,Returning
ORD01273,2023-07-10,CUST0304,Simran Kapoor,Indore,Madhya Pradesh,Central,ELECTRONICS,Webcam HD,8,2112.64,0,16901.12,11672.85,5228.27,Debit Card,Returning
ORD01013,2023-12-28,CUST0538,Myra Das,Noida,Uttar Pradesh,North,Grocery,Almonds 500g,,150.82,0.2,,,,Net Banking,New
ORD00352,2024-10-05,CUST0123,Simran Patel,Jaipur,Rajasthan,North,SPORTS,Skipping Rope,,795.94,0,,,,Debit Card,Returning
ORD01074,2024-05-30,CUST0311,Arjun Singh,Delhi,Delhi,North,Home & Kitchen,Ceramic Mug Set,5,726.66,0,3633.3,2298.83,1334.47,UPI,Returning
ORD01680,2023-03-12,CUST0383,Myra Reddy,Hyderabad,Telangana,South,Sports,Cricket Bat,3,1532.03,0,4596.09,3059.12,1536.97,Credit Card,New
ORD01306,2024-01-27,CUST0048,Simran Patel,Bengaluru,Karnataka,South,electronics,Laptop Stand,1,1164.0,0,1164.0,908.93,255.07,Net Banking,New
ORD01136,2023-06-14,CUST0212,Kabir Gupta,Bengaluru,Karnataka,South,Home & Kitchen,Non-Stick Pan,5,1390.01,0.15,5907.54,4152.59,1754.95,Debit Card,Returning
ORD01012,2024-09-02,CUST0031,Vihaan Reddy,Noida,Uttar Pradesh,North,Electronics,USB-C Charger,4,1937.8,0.25,5813.4,4537.31,1276.09,Net Banking,Returning
ORD00221,2024-12-14,CUST0436,Aarav Kumar,Delhi,Delhi,North,home & kitchen,Storage Container Set,2,567.25,0.2,907.6,557.68,349.92,UPI,New
ORD00737,2024-09-28,CUST0451,Aditya Iyer,Pune,Maharashtra,West,books,Children Story Book,3,289.41,0.25,651.17,483.82,167.35,Net Banking,New
ORD01787,2024-12-10,CUST0004,Ishaan Gupta,Kolkata,West Bengal,East,Cloths,Men Cotton T-Shirt,1,839.35,0.2,671.48,472.6,198.88,Net Banking,New
ORD01411,2023-08-19,CUST0196,Neha Verma,Jaipur,Rajasthan,North,Home and Kitchen,Ceramic Mug Set,-2,773.94,0,,,,Credit Card,New
ORD01824,,CUST0527,Diya Gupta,Ahmedabad,Gujarat,West,books,Cook Book,2,350.86,0.25,526.29,374.83,151.46,UPI,Returning
ORD00918,2024-12-18,CUST0116,Priya Gupta,Hyderabad,Telangana,South,beauty,Hair Serum,3,141.27,0.05,402.62,301.86,100.76,Credit Card,New
ORD00665,2023-03-22,CUST0220,Aarav Patel,Delhi,Delhi,North,books,Self Help Book,8,418.55,0,3348.4,2308.64,1039.76,Net Banking,Returning
ORD00438,2024-04-04,CUST0402,Neha Iyer,Noida,Uttar Pradesh,North,Home & Kitchen,Steel Water Bottle,4,1470.52,0,5882.08,4583.6,1298.48,Credit Card,New
ORD00642,2024-04-09,CUST0113,Priya Yadav,Bhubaneswar,Odisha,East,Books,Cook Book,8,293.68,0.1,2114.5,1549.73,564.77,UPI,Returning
ORD01797,2023-12-03,CUST0050,Karan Gupta,Bhopal,Madhya Pradesh,Central,Grocery,Cooking Oil 1L,8,772.35,0.15,5251.98,4047.33,1204.65,Credit Card,Returning
ORD00781,2024-01-12,CUST0443,Vihaan Chauhan,Ahmedabad,Gujarat,West,Home & Kitchen,Non-Stick Pan,4,1482.74,0.15,5041.32,3035.0,2006.32,Net Banking,Returning
ORD01130,2023-03-23,CUST0190,Neha Verma,Delhi,Delhi,North, Beauty,Sunscreen SPF50,1,467.31,0.25,350.48,249.61,100.87,Net Banking,Returning
ORD00973,2024-08-09,CUST0349,Sai Yadav,Bengaluru,Karnataka,South,Cloths,Men Cotton T-Shirt,6,616.22,0.25,2772.99,1648.47,1124.52,Debit Card,Returning
ORD00904,2024-11-09,CUST0501,Kabir Kumar,Lucknow,Uttar Pradesh,North,Beauty,Lipstick,-2,225.88,0,,,,Net Banking,Returning
ORD00525,2023-02-12,CUST0196,Neha Verma,Noida,Uttar Pradesh,North,books,Fiction Novel,6,314.81,0.05,1794.42,1226.29,568.13,Credit Card,New
ORD00225,2023-03-07,CUST0380,Diya Iyer,Pune,Maharashtra,West,Sports,Dumbbell Set 5kg,7,1611.12,0,11277.84,8869.22,2408.62,Credit Card,Returning
ORD01707,2024-05-23,CUST0495,Isha Nair,Patna,Bihar,East,Clothing,Running Shoes,2,1270.48,0,2540.96,1746.72,794.24,Debit Card,New
ORD01346,2023-05-09,CUST0035,Isha Das,Patna,Bihar,East,grocery,Almonds 500g,1,175.66,0.05,166.88,117.98,48.9,UPI,Returning
ORD01157,2024-05-19,CUST0261,Aarav Gupta,Noida,Uttar Pradesh,North, Clothing ,Women Kurti,6,1756.16,0,10536.96,6784.96,3752.0,Net Banking,Returning
ORD01883,2023-06-29,CUST0513,Ananya Verma,Noida,Uttar Pradesh,North, Beauty,Lipstick,4,498.87,0.1,1795.93,1350.07,445.86,Credit Card,Returning
ORD01124,2024-02-03,CUST0491,Ananya Singh,Indore,Madhya Pradesh,Central,Grocery,Basmati Rice 5kg,2,577.42,0.25,866.13,536.09,330.04,Credit Card,New
ORD00274,2023-05-02,CUST0150,Pooja Sharma, Bhubaneswar,Odisha,East,ELECTRONICS,Laptop Stand,5,1495.11,0.1,6727.99,3955.99,2772.0,Credit Card,New
ORD00169,2024-04-15,CUST0478,Kabir Mehta,Lucknow,Uttar Pradesh,North,books,Fiction Novel,-3,680.57,0.1,,,,Debit Card,New
ORD00765,2023-05-04,CUST0320,Myra Yadav,Bhopal,Madhya Pradesh,Central,Home & Kitchen,LED Table Lamp,3,1369.3,0,4107.9,3283.59,824.31,Debit Card,Returning
ORD01425,2024-09-24,CUST0097,Vihaan Kapoor,Chennai,Tamil Nadu,South,grocery,Basmati Rice 5kg,5,347.47,0.1,1563.62,974.83,588.79,Cash on Delivery,New
ORD00060,2023-05-23,CUST0506,Priya Yadav,Mumbai,Maharashtra,West,Home and Kitchen,Steel Water Bottle,3,994.53,0.1,2685.23,1744.16,941.07,Net Banking,Returning
ORD01380,2023-03-19,CUST0519,Kabir Sharma,Bhubaneswar,Odisha,East, Electronics,Laptop Stand,8,375.35,0,3002.8,1807.19,1195.61,Debit Card,New
ORD01489,2024-10-09,CUST0344,Kavya Singh,Noida,Uttar Pradesh,North,clothing,Women Kurti,2,1215.56,0,2431.12,1865.28,565.84,Net Banking,Returning
ORD01021,2024-06-18,CUST0239,Pooja Nair,Kolkata,West Bengal,East, Beauty,Lipstick,1,530.28,0,530.28,326.06,204.22,UPI,Returning
ORD01552,2023-04-14,CUST0435,Vihaan Das,Mumbai,Maharashtra,West,sports,Skipping Rope,8,1101.19,0,8809.52,5778.82,3030.7,Credit Card,New
ORD00356,2024-09-03,CUST0351,Riya Sharma,Delhi,Delhi,North,books,Fiction Novel,2,271.3,0,542.6,391.76,150.84,Debit Card,New
ORD00868,2024-10-12,CUST0146,Vihaan Verma,Ahmedabad,Gujarat,West,Clothing,Running Shoes,7,673.4,0,4713.8,3716.31,997.49,Credit Card,Returning
ORD01165,2023-03-20,CUST0304,Simran Kapoor,Hyderabad,Telangana,South,Books,Children Story Book,7,447.89,0.2,2508.18,1566.33,941.85,UPI,New
ORD01877,2023-09-07,CUST0006,Simran Chauhan,Indore,Madhya Pradesh,Central,sports,Cricket Bat,6,2299.67,0,13798.02,9954.92,3843.1,Cash on Delivery,Returning
ORD01774,2024-12-20,CUST0058,Vivaan Singh,Ahmedabad,Gujarat,West,books,Self Help Book,8,659.99,0.15,4487.93,3115.89,1372.04,Credit Card,New
ORD00614,2023-06-11,CUST0077,Vivaan Kapoor,Hyderabad,Telangana,South,Sports,Skipping Rope,5,1117.21,0,5586.05,3886.18,1699.87,Debit Card,New
ORD01749,2023-07-22,CUST0529,Saanvi Verma,Pune,Maharashtra,West,Electronics,USB-C Charger,-2,2787.4,0.05,,,,Credit Card,Returning
ORD00837,2024-04-30,CUST0447,Rohit Yadav,Hyderabad,Telangana,South,books,Fiction Novel,5,631.78,0.25,2369.17,1540.75,828.42,Credit Card,New
ORD00641,2023-07-31,CUST0521,Ananya Chauhan,Ahmedabad,Gujarat,West,Clothing,Running Shoes,4,310.33,0,1241.32,797.41,443.91,Debit Card,Returning
ORD01786,2024-08-17,CUST0032,Aditya Iyer,Patna,Bihar,East,sports,Football,6,1469.33,0,8815.98,5928.31,2887.67,Debit Card,New
ORD00568,2023-03-22,CUST0026,Vihaan Mehta,Bhubaneswar,Odisha,East,Books,Cook Book,6,251.61,0.05,1434.18,895.26,538.92,Cash on Delivery,New
ORD00207,2023-11-09,CUST0353,Vihaan Nair,Noida,Uttar Pradesh,North, Beauty,Hair Serum,3,275.63,0.05,785.55,454.56,330.99,Cash on Delivery,New
ORD01100,2023-07-27,CUST0430,Isha Gupta,Chennai,Tamil Nadu,South,Electronics,USB-C Charger,6,2914.87,0.2,13991.38,9306.03,4685.35,UPI,Returning
ORD01112,2023-05-05,CUST0544,Rohit Reddy,Indore,Madhya Pradesh,Central,Home & Kitchen,Storage Container Set,2,677.87,0,1355.74,1056.17,299.57,Cash on Delivery,Returning
ORD00015,2024-08-24,CUST0435,Vihaan Das,Bhubaneswar,Odisha,East,home & kitchen,LED Table Lamp,7,1308.34,0.2,7326.7,5077.26,2249.44,Cash on Delivery,Returning
ORD01568,2023-11-08,CUST0373,Diya Iyer,Bengaluru,Karnataka,South,sports,Cricket Bat,6,977.39,0,5864.34,3890.29,1974.05,Net Banking,New
ORD00506,2024-02-14,CUST0261,Aarav Gupta,Patna,Bihar,East, Beauty,Moisturizer Cream,2,602.65,0.05,1145.03,834.28,310.75,Cash on Delivery,New
ORD00331,2023-11-30,CUST0113,Priya Yadav,Jaipur,Rajasthan,North,Clothing,Women Kurti,4,937.41,0.25,2812.23,1958.08,854.15,UPI,Returning
ORD00311,2023-05-29,CUST0158,Arjun Reddy,Indore,Madhya Pradesh,Central,beauty,Sunscreen SPF50,8,679.8,0.15,4622.64,2605.23,2017.41,Debit Card,New
ORD01095,2023-08-05,CUST0538,Myra Das,Bhubaneswar,Odisha,East,Electronics,Laptop Stand,6,1857.64,0,11145.84,8005.85,3139.99,UPI,New
ORD00376,2024-11-05,CUST0044,Isha Gupta,Bhubaneswar,Odisha,East,Beauty,Face Wash,2,350.12,0,700.24,542.79,157.45,Net Banking,Returning
ORD01391,2023-11-23,CUST0519,Kabir Sharma,Bengaluru,Karnataka,South,home & kitchen,Ceramic Mug Set,7,618.22,0.15,3678.41,2840.16,838.25,Debit Card,New
ORD01245,2024-07-16,CUST0429,Kabir Yadav,Pune,Maharashtra,West,Books,Children Story Book,1,306.78,0.2,245.42,142.0,103.42,UPI,New
ORD01952,2024-01-06,CUST0463,Priya Yadav,Lucknow,Uttar Pradesh,North,grocery,Cooking Oil 1L,5,551.04,0,2755.2,1649.97,1105.23,Net Banking,New
ORD00185,2024-08-05,CUST0186,Aadhya Gupta,Kolkata,West Bengal,East,beauty,Hair Serum,,646.57,0,,,,Net Banking,Returning
ORD00537,2023-03-28,CUST0155,Vihaan Singh,Delhi,Delhi,North, Beauty,Lipstick,7,219.18,0.1,1380.83,975.13,405.7,Debit Card,Returning
ORD00436,2024-08-02,CUST0180,Vivaan Das,Pune,Maharashtra,West,Sports,Yoga Mat,4,2225.31,0.1,8011.12,4790.35,3220.77,UPI,Returning
ORD01795,2023-04-22,CUST0172,Kabir Yadav,Delhi,Delhi,North,electronics,Bluetooth Speaker,7,463.13,0.05,3079.81,1903.55,1176.26,Net Banking,New
ORD00047,2023-08-16,CUST0358,Riya Das,Bhopal,Madhya Pradesh,Central, Electronics,Wireless Mouse,6,935.6,0.15,4771.56,2892.21,1879.35,Debit Card,New
ORD01761,2023-12-04,CUST0250,Isha Yadav,Indore,Madhya Pradesh,Central,Sports,Dumbbell Set 5kg,7,1471.84,0.1,9272.59,6725.63,2546.96,Credit Card,Returning
ORD01225,2023-02-05,CUST0344,  Kavya Singh  ,Ahmedabad,Gujarat,West,Grocery,Almonds 500g,7,748.3,0.15,4452.38,2667.64,1784.74,Cash on Delivery,New
ORD01895,2024-08-31,CUST0003,Kabir Singh,Chennai,Tamil Nadu,South,Books,Fiction Novel,2,190.84,0.1,343.51,210.79,132.72,UPI,New
ORD01106,2023-03-22,CUST0375,Arjun Singh,Indore,Madhya Pradesh,Central,books,Cook Book,,688.08,0.25,,,,Net Banking,Returning
ORD01843,2024-10-28,CUST0504,Reyansh Mehta,Pune,Maharashtra,West,sports,Cricket Bat,8,2205.07,0.05,16758.53,12826.88,3931.65,UPI,New
ORD00576,2024-01-16,CUST0322,Karan Mehta,Pune,Maharashtra,West,ELECTRONICS,Power Bank 10000mAh,-2,876.19,0.15,,,,Credit Card,New
ORD00351,2024-10-13,CUST0295,Rahul Reddy,Bengaluru,Karnataka,South, Clothing ,Formal Shirt,1,501.9,0,501.9,351.19,150.71,Debit Card,Returning
ORD00467,2023-01-12,CUST0158,Arjun Reddy, Chennai,Tamil Nadu,South,Home & Kitchen,Storage Container Set,4,773.68,0,3094.72,2004.31,1090.41,Debit Card,Returning
ORD00028,2024-02-28,CUST0465,Myra Kapoor,Bengaluru,Karnataka,South, Beauty,Face Wash,6,631.09,0,3786.54,2732.77,1053.77,Net Banking,New
ORD01183,2024-09-08,CUST0019,Aarav Yadav,Indore,Madhya Pradesh,Central,Sports,Football,5,1023.71,0.05,4862.62,2675.1,2187.52,Cash on Delivery,New
ORD00532,2023-06-30,CUST0503,Vihaan Chauhan,Bhubaneswar,Odisha,East,Cloths,Men Cotton T-Shirt,3,1688.75,0.05,4812.94,2730.69,2082.25,UPI,Returning
ORD01816,2023-10-14,CUST0056,Ishaan Patel,Jaipur,Rajasthan,North,Home and Kitchen,Steel Water Bottle,8,1225.07,0,9800.56,5542.56,4258.0,Credit Card,New
ORD01439,2023-11-02,CUST0439,Rahul Singh,Ahmedabad,Gujarat,West,electronics,USB-C Charger,7,1458.38,0,10208.66,7477.03,2731.63,Cash on Delivery,Returning
ORD00049,2024-09-15,CUST0114,Arjun Gupta,Ahmedabad,Gujarat,West,Home & Kitchen,LED Table Lamp,4,744.77,0.25,2234.31,1263.95,970.36,Net Banking,New
ORD01333,2023-09-28,CUST0224,  Vihaan Verma  ,Jaipur,Rajasthan,North, Grocery,Almonds 500g,3,676.73,0.25,1522.64,1180.04,342.6,UPI,New
ORD00750,2024-04-14,CUST0270,Vivaan Kapoor,Ahmedabad,Gujarat,West,Grocery,Cooking Oil 1L,6,765.63,0,4593.78,3496.69,1097.09,UPI,Returning
ORD01039,2023-12-09,CUST0356,Aadhya Iyer,Noida,Uttar Pradesh,North,Electronics,Power Bank 10000mAh,7,731.71,0,5121.97,3011.92,2110.05,Credit Card,Returning
ORD01101,2023-06-06,CUST0525,Ananya Nair,Ahmedabad,Gujarat,West,beauty,Lipstick,5,722.04,0.1,3249.18,2319.94,929.24,Net Banking,Returning
ORD00003,2024-09-01,CUST0296,Aarav Iyer,Chennai,Tamil Nadu,South, Electronics,Power Bank 10000mAh,7,2844.23,0.25,14932.21,9846.89,5085.32,Cash on Delivery,New
ORD00123,2023-03-06,CUST0408,Riya Gupta,Noida,Uttar Pradesh,North,Beauty,Sunscreen SPF50,5,369.2,0.25,1384.5,1034.33,350.17,UPI,New
ORD00520,2024-03-20,CUST0289,Isha Chauhan,Chennai,Tamil Nadu,South, Electronics,Bluetooth Speaker,3,972.56,0.1,2625.91,2096.96,528.95,Credit Card,Returning
ORD00322,2024-08-30,CUST0399,Kavya Chauhan,Pune,Maharashtra,West, Grocery,Green Tea Pack,8,968.92,0.15,6588.66,3716.09,2872.57,UPI,Returning
ORD00048,2023-05-30,CUST0294,Kabir Sharma,Bhopal,Madhya Pradesh,Central,grocery,Cooking Oil 1L,8,,0,,,,UPI,Returning
ORD00300,2024-12-29,CUST0499,Diya Mehta,Pune,Maharashtra,West,SPORTS,Dumbbell Set 5kg,2,2089.65,0.2,3343.44,1897.07,1446.37,UPI,Returning
ORD00866,2023-01-12,CUST0150,Pooja Sharma,Bhubaneswar,Odisha,East,books,Fiction Novel,,269.28,0,,,,Net Banking,Returning
ORD01051,2023-06-08,CUST0063,Rahul Mehta,Lucknow,Uttar Pradesh,North,home & kitchen,Steel Water Bottle,8,335.05,0,2680.4,1644.29,1036.11,Credit Card,New
ORD01951,2024-09-29,CUST0530,Aditya Reddy,Pune,Maharashtra,West,Sports,Yoga Mat,7,545.39,0.2,3054.18,1942.31,1111.87,Net Banking,Returning
ORD01654,2023-01-23,CUST0352,Priya Singh,Pune,Maharashtra,West,Books,Fiction Novel,6,352.68,0.1,1904.47,1189.79,714.68,Debit Card,New
ORD00639,2024-08-25,CUST0100,Neha Singh,Noida,Uttar Pradesh,North,home & kitchen,LED Table Lamp,7,569.83,0,3988.81,3144.69,844.12,UPI,New
ORD00336,2024-13-40,CUST0313,Kavya Patel, Delhi,Delhi,North,books,Fiction Novel,8,573.51,0.2,3670.46,2188.46,1482.0,Debit Card,Returning
ORD00200,2024-06-22,CUST0189,Sai Verma,Hyderabad,Telangana,South,electronics,Laptop Stand,7,547.25,0.05,3639.21,2605.07,1034.14,Debit Card,Returning
ORD01193,2023-11-29,CUST0313,Kavya Patel,Delhi,Delhi,North,books,Self Help Book,6,204.77,0.15,1044.33,702.12,342.21,Cash on Delivery,New
ORD00448,2023-01-22,CUST0141,Pooja Das,Bengaluru,Karnataka,South,Books,Children Story Book,5,399.91,0.15,1699.62,1215.61,484.01,Cash on Delivery,Returning
ORD01647,2023-07-08,CUST0113,Priya Yadav,Bengaluru,Karnataka,South,Grocery,Basmati Rice 5kg,6,617.05,0,3702.3,2195.97,1506.33,Debit Card,New
ORD01987,2023-12-19,CUST0188,Aditya Kapoor,Bengaluru,Karnataka,South,electronics,Laptop Stand,,1388.42,0.15,,,,Net Banking,Returning
ORD01523,2023-02-05,CUST0145,Myra Singh,Mumbai,Maharashtra,West,sports,Yoga Mat,7,2015.79,0,14110.53,9734.43,4376.1,Debit Card,Returning
ORD00611,2024-11-26,CUST0207,Aditya Sharma,Bhubaneswar,Odisha,East, Clothing ,Running Shoes,4,445.23,0,1780.92,1070.13,710.79,Credit Card,New
ORD00233,2023-05-12,CUST0434,Sai Kumar,Chennai,Tamil Nadu,South,Sports,Skipping Rope,3,1250.55,0.25,2813.74,1769.6,1044.14,UPI,New
ORD00276,2024-02-01,CUST0141,Pooja Das,Delhi,Delhi,North,clothing,Men Cotton T-Shirt,1,1872.24,0.05,1778.63,1308.35,470.28,Credit Card,New
ORD01361,2024-02-04,CUST0348,Myra Singh,Bhubaneswar,Odisha,East,Cloths,Winter Jacket,8,1665.64,0,13325.12,10236.29,3088.83,Credit Card,New
ORD00020,2023-04-21,CUST0483,Aditya Singh,Mumbai,Maharashtra,West,SPORTS,Football,4,1688.6,0.25,5065.8,3937.88,1127.92,Debit Card,Returning
ORD00078,2023-10-24,CUST0010,Aditya Singh,Lucknow,Uttar Pradesh,North,SPORTS,Yoga Mat,6,853.49,0.25,3840.71,2966.24,874.47,Credit Card,Returning
ORD00040,2023-12-18,CUST0087,Pooja Verma,Hyderabad,Telangana,South,Books,Fiction Novel,8,694.04,0,5552.32,3558.9,1993.42,Debit Card,Returning
ORD01496,2024-01-28,CUST0342,Rahul Chauhan,Indore,Madhya Pradesh,Central,electronics,Power Bank 10000mAh,7,2366.97,0.2,13255.03,9646.22,3608.81,Credit Card,New
ORD00288,2023-11-04,CUST0332,Aditya Kapoor,Ahmedabad,Gujarat,West,Electronics,Power Bank 10000mAh,7,2254.87,0,15784.09,11964.51,3819.58,Credit Card,Returning
ORD00380,2024-10-16,CUST0372,Kabir Mehta,Bhopal,Madhya Pradesh,Central, Grocery,Basmati Rice 5kg,4,870.88,0.2,2786.82,2178.95,607.87,Debit Card,Returning
ORD00012,2023-03-24,CUST0547,Neha Chauhan,Bengaluru,Karnataka,South,Home and Kitchen,Ceramic Mug Set,1,1001.7,0.1,901.53,720.64,180.89,UPI,Returning
ORD00430,2024-09-27,CUST0172,Kabir Yadav,Mumbai,Maharashtra,West, Electronics,USB-C Charger,7,2996.95,0.05,19929.72,13876.86,6052.86,Cash on Delivery,Returning
ORD00024,2023-08-27,CUST0152,  Karan Verma  ,Ahmedabad,Gujarat,West,Sports,Football,3,2470.31,0,7410.93,4279.68,3131.25,UPI,New
ORD00709,2024-07-19,CUST0195,Neha Sharma,Bhubaneswar,Odisha,East,Grocery,Cooking Oil 1L,1,285.96,0.25,214.47,142.85,71.62,Cash on Delivery,New
ORD00887,2024-10-17,CUST0053,Riya Reddy,Chennai,Tamil Nadu,South,Sports,Skipping Rope,5,1992.25,0.2,7969.0,5500.11,2468.89,Debit Card,New
ORD01633,2023-05-12,CUST0196,Neha Verma,Hyderabad,Telangana,South,Beauty,Moisturizer Cream,2,335.19,0,670.38,424.21,246.17,Cash on Delivery,New
ORD00281,2023-06-24,CUST0154,Pooja Mehta,Delhi,Delhi,North,Grocery,Cooking Oil 1L,1,476.62,0.25,357.47,222.42,135.05,Credit Card,New
ORD00199,2024-08-21,CUST0006,Simran Chauhan,Jaipur,Rajasthan,North, Beauty,Moisturizer Cream,6,576.5,0.1,3113.1,2093.99,1019.11,Cash on Delivery,Returning
ORD00521,2023-04-16,CUST0515,Ishaan Mehta,Kolkata,West Bengal,East,clothing,Running Shoes,3,688.95,0,2066.85,1278.28,788.57,Credit Card,New
ORD00882,2024-08-03,CUST0189,Sai Verma,Mumbai,Maharashtra,West,Grocery,Green Tea Pack,8,886.97,0,7095.76,5471.22,1624.54,Credit Card,Returning
ORD00025,2023-09-01,CUST0017,Riya Das,Delhi,Delhi,North,Home & Kitchen,Storage Container Set,2,1168.36,0.15,1986.21,1347.27,638.94,UPI,Returning
ORD00187,2024-09-19,CUST0161,Aditya Nair,Hyderabad,Telangana,South,grocery,Almonds 500g,2,775.29,0.15,1317.99,1044.55,273.44,UPI,New
ORD01283,2023-02-10,CUST0012,Neha Sharma,Mumbai,Maharashtra,West,Home and Kitchen,Storage Container Set,7,1284.67,0.1,8093.42,5213.65,2879.77,Credit Card,New
ORD00732,2023-02-05,CUST0148,Isha Reddy,Bhopal,Madhya Pradesh,Central,Beauty,Hair Serum,3,225.54,0.05,642.79,368.34,274.45,UPI,New
ORD01089,2023-08-25,CUST0247,Priya Gupta,Bengaluru,Karnataka,South,Books,Fiction Novel,3,400.67,0,1202.01,684.47,517.54,Net Banking,Returning
ORD01090,,CUST0456,Myra Mehta,Pune,Maharashtra,West,ELECTRONICS,Bluetooth Speaker,1,787.52,0,787.52,452.62,334.9,Cash on Delivery,New
ORD01487,2023-04-17,CUST0463,Priya Yadav,Chennai,Tamil Nadu,South,beauty,Sunscreen SPF50,6,240.44,0.2,1154.11,654.06,500.05,UPI,New
ORD00201,2024-09-25,CUST0010,Aditya Singh,Pune,Maharashtra,West,books,Cook Book,4,676.39,0.15,2299.73,1484.12,815.61,UPI,Returning
ORD01022,2023-04-06,CUST0185,Saanvi Iyer,Indore,Madhya Pradesh,Central, Clothing ,Running Shoes,7,454.56,0,3181.92,2493.15,688.77,Cash on Delivery,Returning
ORD00937,2023-11-15,CUST0127,Ishaan Verma,Indore,Madhya Pradesh,Central,SPORTS,Skipping Rope,5,718.44,0.25,2694.15,1712.77,981.38,UPI,New
ORD00458,2024-02-18,CUST0307,Ananya Patel,Jaipur,Rajasthan,North,Sports,Skipping Rope,3,552.49,0.15,1408.85,974.99,433.86,Cash on Delivery,Returning
ORD00429,2023-03-27,CUST0513,Ananya Verma,Noida,Uttar Pradesh,North,Grocery,Green Tea Pack,3,802.82,0.2,1926.77,1522.8,403.97,Cash on Delivery,Returning
ORD01336,2024-12-07,CUST0361,Priya Nair,Jaipur,Rajasthan,North, Clothing ,Denim Jeans,2,1488.85,0.15,2531.04,1884.92,646.12,Debit Card,New
ORD01312,2023-08-13,CUST0439,Rahul Singh,Ahmedabad,Gujarat,West,Home & Kitchen,Steel Water Bottle,5,782.23,0,3911.15,2312.96,1598.19,Debit Card,Returning
ORD00248,2024-01-26,CUST0125,Aadhya Nair,Ahmedabad,Gujarat,West,Books,Cook Book,8,284.94,0.05,2165.54,1440.54,725.0,UPI,New
ORD01772,2024-04-17,CUST0329,Ananya Iyer,Indore,Madhya Pradesh,Central,Grocery,Cooking Oil 1L,7,784.45,0.1,4942.04,3657.26,1284.78,Credit Card,Returning
ORD00690,2024-08-10,CUST0448,  Vivaan Mehta  ,Lucknow,Uttar Pradesh,North,Books,Children Story Book,1,481.54,0.1,433.39,267.91,165.48,Net Banking,New
ORD01485,2024-09-28,CUST0147,Simran Reddy,Noida,Uttar Pradesh,North,ELECTRONICS,USB-C Charger,4,668.13,0.2,2138.02,1523.81,614.21,Net Banking,Returning
ORD00774,2024-11-28,CUST0408,Riya Gupta,Lucknow,Uttar Pradesh,North,sports,Football,5,448.53,0.05,2130.52,1677.9,452.62,Cash on Delivery,Returning
ORD00621,2023-02-25,CUST0421,Aarav Singh,Bhubaneswar,Odisha,East,sports,Football,3,2134.28,0.1,5762.56,4238.23,1524.33,Credit Card,New
ORD00567,2023-05-10,CUST0402,  Neha Iyer  ,Indore,Madhya Pradesh,Central, Grocery,Green Tea Pack,3,952.83,0,2858.49,1590.49,1268.0,UPI,New
ORD00215,2023-12-20,CUST0494,Simran Das,Bhopal,Madhya Pradesh,Central,Sports,Skipping Rope,8,579.89,0.1,4175.21,2517.15,1658.06,Credit Card,New
ORD01353,2024-02-06,CUST0255,Priya Kapoor,Kolkata,West Bengal,East,Books,Cook Book,8,,0.1,,,,UPI,New
ORD00268,2023-11-09,CUST0024,Diya Verma,Jaipur,Rajasthan,North,clothing,Women Kurti,5,1231.96,0,6159.8,4458.26,1701.54,UPI,Returning
ORD00482,2023-04-02,CUST0353,Vihaan Nair,Indore,Madhya Pradesh,Central,Cloths,Formal Shirt,7,,0,,,,Net Banking,New
ORD00808,2024-07-03,CUST0193,Vihaan Das,Bhopal,Madhya Pradesh,Central,SPORTS,Yoga Mat,1,1890.64,0.1,1701.58,1041.46,660.12,Net Banking,Returning
ORD00319,2023-02-08,CUST0273,Riya Mehta,Delhi,Delhi,North,books,Cook Book,8,411.98,0,3295.84,2257.76,1038.08,UPI,Returning
ORD01150,2023-10-12,CUST0216,Riya Kapoor,Mumbai,Maharashtra,West,electronics,Bluetooth Speaker,5,2502.37,0,12511.85,7559.61,4952.24,Credit Card,New
ORD00775,2023-02-06,CUST0112,Aditya Yadav,Pune,Maharashtra,West,Clothing,Winter Jacket,2,709.98,0.25,1064.97,782.31,282.66,Net Banking,New
ORD00938,2023-06-24,CUST0162,Priya Verma,Noida,Uttar Pradesh,North,SPORTS,Skipping Rope,4,1236.97,0.2,3958.3,2253.01,1705.29,Debit Card,New
ORD00244,2023-10-27,CUST0008,Rohit Reddy,Hyderabad,Telangana,South,Home & Kitchen,Ceramic Mug Set,7,712.18,0.2,3988.21,3019.5,968.71,Credit Card,Returning
ORD00210,2024-11-26,CUST0492,Kavya Chauhan,Chennai,Tamil Nadu,South,beauty,Lipstick,2,239.62,0.1,431.32,329.82,101.5,Credit Card,New
ORD01176,2024-07-05,CUST0273,Riya Mehta,Noida,Uttar Pradesh,North,Grocery,Cooking Oil 1L,8,959.87,0,7678.96,4899.84,2779.12,Cash on Delivery,Returning
ORD01686,2024-10-11,CUST0329,  Ananya Iyer  ,Noida,Uttar Pradesh,North, Clothing ,Winter Jacket,2,1584.29,0.2,2534.86,1684.1,850.76,Net Banking,New
ORD01338,2023-05-11,CUST0040,Ishaan Kapoor,Bengaluru,Karnataka,South,beauty,Hair Serum,7,325.96,0.15,1939.46,1348.64,590.82,Cash on Delivery,Returning
ORD00031,2024-12-11,CUST0185,Saanvi Iyer,Lucknow,Uttar Pradesh,North,books,Children Story Book,3,627.42,0.2,1505.81,854.39,651.42,UPI,New
ORD01288,2023-02-15,CUST0106,Vihaan Mehta,Kolkata,West Bengal,East,Grocery,Basmati Rice 5kg,2,912.71,0.1,1642.88,1265.89,376.99,Credit Card,New
ORD01313,2023-05-21,CUST0043,Karan Kapoor,Lucknow,Uttar Pradesh,North,books,Self Help Book,7,552.67,0,3868.69,3074.89,793.8,UPI,Returning
ORD00468,2024-01-22,CUST0256,Myra Das,Jaipur,Rajasthan,North,clothing,Men Cotton T-Shirt,,346.51,0.05,,,,UPI,New
ORD01488,2024-10-25,CUST0057,Diya Kapoor,Bengaluru,Karnataka,South,Books,Fiction Novel,4,187.09,0.25,561.27,396.55,164.72,Net Banking,New
ORD00715,2023-11-07,CUST0314,Pooja Gupta,Jaipur,Rajasthan,North,books,Children Story Book,7,458.81,0,3211.67,2378.42,833.25,Net Banking,New
ORD00114,2023-10-13,CUST0065,Saanvi Reddy,Kolkata,West Bengal,East,electronics,USB-C Charger,8,606.68,0.25,3640.08,2482.28,1157.8,Debit Card,Returning
ORD00766,2024-02-03,CUST0120,Pooja Chauhan,Patna,Bihar,East,Sports,Football,3,749.74,0.05,2136.76,1599.39,537.37,UPI,Returning
ORD01845,2023-12-29,CUST0304,Simran Kapoor,Pune,Maharashtra,West,Sports,Cricket Bat,3,977.75,0,2933.25,2284.17,649.08,Cash on Delivery,Returning
ORD00091,2024-04-05,CUST0095,Kabir Iyer, Hyderabad,Telangana,South,Books,Fiction Novel,1,629.49,0.05,598.02,400.58,197.44,Debit Card,Returning
ORD00059,2024-03-31,CUST0328,Simran Verma,Patna,Bihar,East,Home and Kitchen,Non-Stick Pan,5,1357.73,0,6788.65,5080.79,1707.86,Cash on Delivery,New
ORD00810,2023-04-21,CUST0467,Kabir Mehta,Lucknow,Uttar Pradesh,North, Clothing ,Denim Jeans,3,847.77,0,2543.31,1950.55,592.76,Cash on Delivery,Returning
ORD01041,2024-02-02,CUST0007,Priya Verma,Ahmedabad,Gujarat,West,Sports,Yoga Mat,7,1305.76,0,9140.32,5474.79,3665.53,UPI,New
ORD00186,2023-02-17,CUST0322,Karan Mehta,Mumbai,Maharashtra,West,Books,Children Story Book,2,387.07,0.25,580.61,369.52,211.09,Net Banking,New
ORD01887,2024-01-05,CUST0117,Kabir Iyer,Pune,Maharashtra,West, Clothing ,Formal Shirt,1,707.93,0.1,637.14,439.94,197.2,Credit Card,Returning
ORD01818,2024-13-40,CUST0427,Rohit Singh,Indore,Madhya Pradesh,Central,Books,Cook Book,5,390.98,0.1,1759.41,1370.94,388.47,Debit Card,New
ORD01110,2024-08-25,CUST0273,Riya Mehta,Delhi,Delhi,North,Beauty,Lipstick,5,619.53,0.05,2942.77,2201.66,741.11,Credit Card,Returning
ORD00135,2023-01-13,CUST0484,Pooja Reddy,Jaipur,Rajasthan,North,Beauty,Moisturizer Cream,1,541.29,0.2,433.03,262.47,170.56,Credit Card,Returning
ORD00408,2024-05-20,CUST0215,Ananya Gupta,Hyderabad,Telangana,South,Electronics,USB-C Charger,6,2126.71,0,12760.26,9591.94,3168.32,Debit Card,Returning
ORD01851,2024-06-27,CUST0482,Aadhya Singh,Noida,Uttar Pradesh,North,electronics,Laptop Stand,3,758.58,0.25,1706.81,1332.5,374.31,UPI,Returning
ORD00771,2024-12-06,CUST0298,Pooja Chauhan,Mumbai,Maharashtra,West,Cloths,Women Kurti,4,931.03,0,3724.12,2193.44,1530.68,Cash on Delivery,New
ORD01741,2023-01-19,CUST0285,Kabir Gupta,Pune,Maharashtra,West, Beauty,Hair Serum,7,350.27,0.2,1961.51,1153.66,807.85,Cash on Delivery,Returning
ORD01446,2023-09-08,CUST0214,Ishaan Mehta,Chennai,Tamil Nadu,South, Clothing ,Men Cotton T-Shirt,3,1616.53,0,4849.59,2999.31,1850.28,Cash on Delivery,Returning
ORD01098,2024-04-15,CUST0099,Karan Iyer,Kolkata,West Bengal,East,Sports,Cricket Bat,1,1698.05,0,1698.05,1110.4,587.65,UPI,Returning
ORD01028,2024-06-23,CUST0070,Priya Kumar,Bengaluru,Karnataka,South,Electronics,Wireless Mouse,4,2995.52,0.05,11382.98,7278.7,4104.28,Cash on Delivery,New
ORD00029,2024-03-18,CUST0382,Vivaan Singh,Ahmedabad,Gujarat,West,Clothing,Running Shoes,6,1438.02,0.2,6902.5,5294.38,1608.12,UPI,Returning
ORD00912,2024-07-08,CUST0007,Priya Verma,Bhopal,Madhya Pradesh,Central,grocery,Cooking Oil 1L,6,189.08,0.05,1077.76,841.95,235.81,Debit Card,New
ORD00239,2023-03-15,CUST0352,Priya Singh,Noida,Uttar Pradesh,North,home & kitchen,LED Table Lamp,7,551.62,0.15,3282.14,2418.85,863.29,Cash on Delivery,Returning
ORD01780,2023-07-27,CUST0452,Karan Mehta,Noida,Uttar Pradesh,North,books,Children Story Book,5,448.62,0,2243.1,1498.36,744.74,UPI,New
ORD00056,2023-02-28,CUST0416,Aarav Chauhan,Jaipur,Rajasthan,North,SPORTS,Cricket Bat,3,2150.94,0.25,4839.61,2703.89,2135.72,UPI,New
ORD01443,2024-08-13,CUST0348,Myra Singh,Bhubaneswar,Odisha,East,clothing,Denim Jeans,7,1138.55,0.1,7172.86,4130.24,3042.62,Net Banking,New
ORD00628,2023-09-22,CUST0283,Priya Mehta,Lucknow,Uttar Pradesh,North,grocery,Cooking Oil 1L,3,231.21,0,693.63,421.84,271.79,UPI,New
ORD01265,2024-11-30,CUST0448,Vivaan Mehta,Kolkata,West Bengal,East,Books,Self Help Book,6,532.34,0,3194.04,1828.14,1365.9,UPI,New
ORD00879,2024-03-04,CUST0241,Myra Iyer,Ahmedabad,Gujarat,West,grocery,Green Tea Pack,8,232.85,0,1862.8,1051.9,810.9,UPI,New
ORD00278,2023-02-13,CUST0252,Reyansh Patel,Hyderabad,Telangana,South,sports,Yoga Mat,1,635.66,0.1,572.09,425.3,146.79,Debit Card,Returning
ORD00424,2024-12-25,CUST0317,Priya Kapoor,Hyderabad,Telangana,South,Books,Fiction Novel,1,675.51,0.25,506.63,342.31,164.32,UPI,New
ORD00741,2024-02-15,CUST0535,Rohit Kumar,Bengaluru,Karnataka,South,beauty,Lipstick,5,99.28,0.1,446.76,269.03,177.73,Cash on Delivery,New
ORD01980,2024-06-20,CUST0323,Riya Nair,Bhopal,Madhya Pradesh,Central,Cloths,Denim Jeans,4,1048.57,0.1,3774.85,2598.95,1175.9,UPI,Returning
ORD00392,2024-07-28,CUST0505,Vihaan Chauhan,Pune,Maharashtra,West, Grocery,Cooking Oil 1L,2,282.36,0,564.72,416.47,148.25,Debit Card,New
ORD01438,2024-06-13,CUST0120,Pooja Chauhan,Ahmedabad,Gujarat,West,clothing,Women Kurti,5,869.41,0.1,3912.35,2477.75,1434.6,Credit Card,Returning
ORD01760,2023-04-17,CUST0222,Simran Verma,Kolkata,West Bengal,East,grocery,Almonds 500g,3,344.74,0,1034.22,809.04,225.18,Credit Card,Returning
ORD00799,2023-11-23,CUST0371,Ananya Singh,Bhubaneswar,Odisha,East,Books,Children Story Book,6,396.93,0.25,1786.18,1147.82,638.36,Debit Card,Returning
ORD00773,2024-02-09,CUST0460,Sai Chauhan,Delhi,Delhi,North,Books,Fiction Novel,2,236.41,0,472.82,281.72,191.1,Debit Card,New
ORD01572,2023-04-10,CUST0179,Ananya Singh,Patna,Bihar,East,Books,Children Story Book,4,210.98,0.2,675.14,406.3,268.84,Net Banking,Returning
ORD00479,2023-05-08,CUST0167,Myra Nair,Noida,Uttar Pradesh,North,grocery,Green Tea Pack,6,557.65,0.15,2844.01,2059.39,784.62,Net Banking,Returning
ORD00965,2024-04-03,CUST0272,Reyansh Kapoor,Bengaluru,Karnataka,South,Sports,Yoga Mat,3,366.33,0.15,934.14,646.39,287.75,Net Banking,New
ORD01546,2023-10-04,CUST0354,Arjun Yadav,Patna,Bihar,East,Books,Self Help Book,1,183.89,0.15,156.31,90.27,66.04,UPI,New
ORD00326,2024-01-14,CUST0450,Simran Mehta,Noida,Uttar Pradesh,North,Sports,Cricket Bat,7,1987.62,0.25,10435.01,5949.84,4485.17,UPI,New
ORD00067,2024-04-13,CUST0221,Priya Kumar,Kolkata,West Bengal,East,Home & Kitchen,Non-Stick Pan,8,,0,,,,Net Banking,New
ORD01960,2024-05-26,CUST0223,Arjun Kumar,Chennai,Tamil Nadu,South,Beauty,Hair Serum,5,565.7,0.05,2687.07,1621.91,1065.16,Credit Card,New
ORD00561,2023-05-08,CUST0467,Kabir Mehta,Bengaluru,Karnataka,South,beauty,Lipstick,7,517.54,0,3622.78,2831.52,791.26,Net Banking,Returning
ORD01479,2024-01-13,CUST0245,Vivaan Kapoor,Ahmedabad,Gujarat,West,clothing,Formal Shirt,6,1447.62,0,8685.72,6798.57,1887.15,UPI,Returning
ORD01983,2023-05-25,CUST0529,Saanvi Verma,Noida,Uttar Pradesh,North, Grocery,Almonds 500g,7,284.38,0.2,1592.53,1061.93,530.6,Net Banking,Returning
ORD01493,2024-11-14,CUST0398,Simran Patel,Ahmedabad,Gujarat,West,Home & Kitchen,Ceramic Mug Set,3,759.41,0.05,2164.32,1661.93,502.39,Debit Card,New
ORD00919,2023-03-17,CUST0086,Aarav Patel,Jaipur,Rajasthan,North,SPORTS,Yoga Mat,6,1461.49,0,8768.94,5760.58,3008.36,Credit Card,New
ORD01907,2024-06-29,CUST0410,Kavya Mehta,Delhi,Delhi,North, Grocery,Cooking Oil 1L,4,546.56,0.15,1858.3,1370.92,487.38,Credit Card,New
ORD00752,2024-01-06,CUST0173,Riya Kumar,Jaipur,Rajasthan,North,Electronics,Bluetooth Speaker,5,2342.28,0.2,9369.12,6601.65,2767.47,UPI,New
ORD00675,2023-09-22,CUST0268,Rahul Verma, Mumbai,Maharashtra,West,electronics,Laptop Stand,6,1304.16,0,7824.96,4934.37,2890.59,UPI,Returning
ORD01640,2024-03-27,CUST0246,  Isha Das  ,Kolkata,West Bengal,East,Home & Kitchen,Ceramic Mug Set,1,1265.1,0.05,1201.84,698.9,502.94,Net Banking,Returning
ORD01310,2024-03-08,CUST0214,Ishaan Mehta,Ahmedabad,Gujarat,West,Home and Kitchen,LED Table Lamp,1,1263.43,0,1263.43,844.41,419.02,Debit Card,New
ORD01658,2024-04-22,CUST0053,Riya Reddy,Patna,Bihar,East,Electronics,Wireless Mouse,5,1547.33,0.1,6962.98,4899.43,2063.55,Debit Card,New
ORD01746,2024-02-07,CUST0073,Kavya Mehta,Noida,Uttar Pradesh,North,grocery,Cooking Oil 1L,5,429.29,0,2146.45,1630.01,516.44,UPI,New
ORD00271,2023-12-08,CUST0161,Aditya Nair,Mumbai,Maharashtra,West,Home and Kitchen,LED Table Lamp,5,506.07,0.1,2277.32,1714.76,562.56,Debit Card,Returning
ORD01484,2024-03-16,CUST0150,  Pooja Sharma  ,Delhi,Delhi,North,grocery,Almonds 500g,5,729.01,0.15,3098.29,1978.18,1120.11,Cash on Delivery,Returning
ORD01727,2023-11-18,CUST0125,Aadhya Nair,Bhopal,Madhya Pradesh,Central,beauty,Moisturizer Cream,3,883.53,0,2650.59,2014.38,636.21,Net Banking,New
ORD01234,2024-08-03,CUST0448,Vivaan Mehta,Lucknow,Uttar Pradesh,North,Electronics,Laptop Stand,4,1360.2,0,5440.8,4126.31,1314.49,Debit Card,New
ORD01009,2024-02-13,CUST0093,Riya Sharma,Chennai,Tamil Nadu,South, Clothing ,Running Shoes,1,1177.65,0.15,1001.0,662.6,338.4,Credit Card,New
ORD01637,2024-09-20,CUST0244,Arjun Iyer,Pune,Maharashtra,West, Clothing ,Formal Shirt,7,1399.16,0,9794.12,7451.72,2342.4,UPI,New
ORD00255,2023-07-02,CUST0207,  Aditya Sharma  ,Pune,Maharashtra,West,Beauty,Face Wash,7,625.34,0.1,3939.64,2215.15,1724.49,Credit Card,New
ORD00211,2023-03-20,CUST0020,Sai Chauhan,Indore,Madhya Pradesh,Central,SPORTS,Yoga Mat,7,1968.16,0,13777.12,9477.26,4299.86,Cash on Delivery,Returning
ORD01116,2023-05-12,CUST0191,Simran Kapoor,Jaipur,Rajasthan,North, Beauty,Moisturizer Cream,1,582.37,0,582.37,432.3,150.07,Credit Card,Returning
ORD00674,2024-10-19,CUST0175,Pooja Yadav,Mumbai,Maharashtra,West, Grocery,Almonds 500g,4,993.38,0.1,3576.17,2152.36,1423.81,Cash on Delivery,Returning
ORD00856,2023-09-19,CUST0276,Aarav Patel,Jaipur,Rajasthan,North,home & kitchen,Storage Container Set,4,1298.67,0.15,4415.48,2481.48,1934.0,Credit Card,New
ORD00983,2023-08-24,CUST0238,Kabir Gupta,Pune,Maharashtra,West,clothing,Formal Shirt,2,1657.83,0,3315.66,1996.31,1319.35,Debit Card,Returning
ORD00847,2023-10-26,CUST0211,Reyansh Iyer,Kolkata,West Bengal,East, Grocery,Green Tea Pack,8,436.5,0.1,3142.8,2461.19,681.61,Net Banking,Returning
ORD01386,2024-08-22,CUST0547,Neha Chauhan,Ahmedabad,Gujarat,West,Books,Fiction Novel,5,458.31,0.1,2062.4,1142.72,919.68,UPI,New
ORD01076,2023-02-13,CUST0317,Priya Kapoor,Bhubaneswar,Odisha,East,Electronics,Bluetooth Speaker,2,2990.31,0.2,4784.5,2744.81,2039.69,UPI,New
ORD01179,2023-01-10,CUST0306,Ananya Iyer,Bhopal,Madhya Pradesh,Central,Clothing,Winter Jacket,8,541.62,0.2,3466.37,2418.02,1048.35,Debit Card,New
ORD01981,2024-06-28,CUST0547,Neha Chauhan,Jaipur,Rajasthan,North, Beauty,Moisturizer Cream,2,297.14,0.1,534.85,424.67,110.18,Cash on Delivery,New
ORD01258,2024-05-01,CUST0247,Priya Gupta,Pune,Maharashtra,West, Grocery,Almonds 500g,8,784.73,0,6277.84,4678.05,1599.79,UPI,Returning
ORD01251,2024-07-12,CUST0277,Reyansh Reddy,Ahmedabad,Gujarat,West,sports,Dumbbell Set 5kg,2,1722.5,0.05,3272.75,2095.87,1176.88,UPI,Returning
ORD00018,2024-07-06,CUST0375,Arjun Singh,Hyderabad,Telangana,South,sports,Cricket Bat,8,2423.98,0.15,16483.06,12379.74,4103.32,Net Banking,New
ORD00097,2024-05-29,CUST0441,Rahul Kapoor,Ahmedabad,Gujarat,West,Clothing,Men Cotton T-Shirt,4,625.28,0.15,2125.95,1311.35,814.6,Net Banking,New
ORD00812,2023-05-24,CUST0536,Aditya Singh,Delhi,Delhi,North,Books,Fiction Novel,6,334.99,0,2009.94,1352.92,657.02,Cash on Delivery,New
ORD00993,2024-08-19,CUST0192,Ishaan Reddy,Kolkata,West Bengal,East, Clothing ,Men Cotton T-Shirt,6,718.03,0.25,3231.14,2390.84,840.3,Net Banking,New
ORD01404,2023-01-24,CUST0157,Priya Nair,Noida,Uttar Pradesh,North, Clothing ,Formal Shirt,8,501.38,0,4011.04,3189.47,821.57,Credit Card,New
ORD01272,2024-05-27,CUST0371,Ananya Singh,Bengaluru,Karnataka,South,grocery,Almonds 500g,4,532.04,0.05,2021.75,1161.35,860.4,Debit Card,Returning
ORD01754,2024-02-11,CUST0038,  Simran Singh  ,Pune,Maharashtra,West, Electronics,Power Bank 10000mAh,7,2423.37,0.05,16115.41,10459.57,5655.84,Net Banking,Returning
ORD01714,2024-12-11,CUST0129,Rohit Iyer,Jaipur,Rajasthan,North,Home and Kitchen,Storage Container Set,4,735.37,0,2941.48,2055.68,885.8,UPI,Returning
ORD01986,2024-06-14,CUST0242,Aarav Verma, Indore,Madhya Pradesh,Central,Grocery,Almonds 500g,5,292.47,0.15,1243.0,767.43,475.57,Net Banking,New
ORD00143,2023-05-24,CUST0064,  Reyansh Patel  ,Indore,Madhya Pradesh,Central,Grocery,Cooking Oil 1L,7,434.02,0,3038.14,2113.27,924.87,Debit Card,New
ORD00791,2024-10-26,CUST0314,Pooja Gupta, Lucknow,Uttar Pradesh,North,beauty,Lipstick,8,626.53,0,5012.24,2920.44,2091.8,Cash on Delivery,New
ORD01223,2023-07-29,CUST0383,Myra Reddy,Pune,Maharashtra,West,beauty,Moisturizer Cream,1,311.01,0.05,295.46,175.24,120.22,UPI,New
ORD00552,2024-12-28,CUST0265,Pooja Yadav,Chennai,Tamil Nadu,South,home & kitchen,Storage Container Set,8,250.47,0.2,1603.01,1045.58,557.43,Cash on Delivery,New
ORD01533,2024-05-03,CUST0156,Reyansh Singh,Bengaluru,Karnataka,South,Home and Kitchen,Ceramic Mug Set,1,912.76,0.15,775.85,612.84,163.01,Cash on Delivery,New
ORD01072,2023-03-14,CUST0341,Rohit Singh,Mumbai,Maharashtra,West,Cloths,Running Shoes,7,676.02,0.25,3549.1,2743.81,805.29,Credit Card,Returning
ORD00184,2024-04-12,CUST0395,Kabir Reddy,Bhubaneswar,Odisha,East,grocery,Almonds 500g,3,200.75,0,602.25,479.03,123.22,Credit Card,New
ORD01880,2023-09-30,CUST0237,Arjun Patel,Chennai,Tamil Nadu,South,Grocery,Cooking Oil 1L,4,194.08,0,776.32,538.59,237.73,Net Banking,Returning
ORD00573,2023-04-05,CUST0302,Simran Mehta,Chennai,Tamil Nadu,South,books,Cook Book,7,656.29,0.05,4364.33,3150.02,1214.31,Debit Card,Returning
ORD00505,2023-02-15,CUST0193,Vihaan Das,Delhi,Delhi,North,Home & Kitchen,Storage Container Set,4,968.32,0.2,3098.62,1761.84,1336.78,Debit Card,Returning
ORD00635,2024-09-12,CUST0294,Kabir Sharma,Jaipur,Rajasthan,North,Home & Kitchen,Non-Stick Pan,3,947.82,0.05,2701.29,2093.41,607.88,Net Banking,New
ORD00122,2023-03-19,CUST0096,Sai Iyer,Bengaluru,Karnataka,South,SPORTS,Football,6,1244.8,0,7468.8,5730.26,1738.54,UPI,Returning
ORD01173,2024-01-30,CUST0209,Rohit Verma,Noida,Uttar Pradesh,North,grocery,Almonds 500g,2,554.09,0.2,886.54,526.83,359.71,Net Banking,New
ORD00065,2023-11-23,CUST0354,Arjun Yadav,Bengaluru,Karnataka,South,Cloths,Running Shoes,6,709.95,0.25,3194.78,1955.14,1239.64,UPI,New
ORD00213,2024-08-02,CUST0150,Pooja Sharma,Bhubaneswar,Odisha,East,books,Children Story Book,8,276.46,0.05,2101.1,1178.09,923.01,Credit Card,Returning
ORD00214,2023-02-17,CUST0332,Aditya Kapoor,Pune,Maharashtra,West,books,Children Story Book,3,356.16,0,1068.48,725.67,342.81,Net Banking,New
ORD01330,2023-03-09,CUST0412,Diya Mehta, Delhi,Delhi,North,Sports,Skipping Rope,3,1696.95,0.1,4581.77,3484.95,1096.82,Debit Card,New
ORD01827,2024-10-03,CUST0180,Vivaan Das,Mumbai,Maharashtra,West,Electronics,Power Bank 10000mAh,8,1283.08,0.25,7698.48,4751.95,2946.53,Net Banking,Returning
ORD01170,2023-07-23,CUST0021,Myra Mehta,Mumbai,Maharashtra,West, Clothing ,Winter Jacket,3,1499.59,0.15,3823.95,2998.21,825.74,Credit Card,Returning
ORD01635,2023-09-27,CUST0409,Vivaan Kumar,Bhubaneswar,Odisha,East,sports,Yoga Mat,1,790.5,0.15,671.92,442.74,229.18,Debit Card,New
ORD01930,2023-02-01,CUST0302,Simran Mehta,Ahmedabad,Gujarat,West,home & kitchen,Non-Stick Pan,2,1383.59,0.2,2213.74,1631.35,582.39,UPI,Returning
ORD00797,2023-07-13,CUST0078,Vihaan Gupta,Noida,Uttar Pradesh,North,Cloths,Women Kurti,5,1321.64,0.1,5947.38,3595.58,2351.8,Debit Card,Returning
ORD01351,2024-09-14,CUST0483,Aditya Singh,Patna,Bihar,East,ELECTRONICS,Wireless Mouse,4,2893.74,0.15,9838.72,5604.28,4234.44,Debit Card,Returning
ORD01676,2024-13-40,CUST0432,Pooja Chauhan,Patna,Bihar,East,books,Cook Book,4,575.51,0.15,1956.73,1077.47,879.26,Net Banking,Returning
ORD01810,2024-08-17,CUST0130,Ishaan Das,Bengaluru,Karnataka,South,Cloths,Winter Jacket,-2,1127.39,0.1,,,,Credit Card,New
ORD01872,2023-03-20,CUST0532,Rohit Patel,Chennai,Tamil Nadu,South,grocery,Green Tea Pack,8,507.4,0,4059.2,2595.97,1463.23,Net Banking,New
ORD00597,2023-09-15,CUST0291,Neha Iyer,Ahmedabad,Gujarat,West, Grocery,Cooking Oil 1L,5,227.38,0.2,909.52,633.3,276.22,UPI,Returning
ORD01111,2023-11-21,CUST0219,Karan Iyer,Bhubaneswar,Odisha,East,Grocery,Almonds 500g,4,691.01,0,2764.04,2184.32,579.72,UPI,New
ORD00444,2023-12-18,CUST0009,Vivaan Sharma,Hyderabad,Telangana,South,SPORTS,Cricket Bat,1,1169.74,0.05,1111.25,789.14,322.11,Credit Card,New
ORD00760,2023-02-24,CUST0367,  Aadhya Nair  ,Kolkata,West Bengal,East,Electronics,Webcam HD,7,2271.03,0.05,15102.35,12005.54,3096.81,Credit Card,New
ORD00610,2023-03-07,CUST0257,Pooja Gupta,Pune,Maharashtra,West,Electronics,Laptop Stand,1,2792.59,0.25,2094.44,1349.67,744.77,Cash on Delivery,New
ORD00551,2024-05-24,CUST0016,Myra Singh,Delhi,Delhi,North,grocery,Basmati Rice 5kg,8,381.35,0,3050.8,1729.93,1320.87,Cash on Delivery,Returning
ORD00246,2023-02-20,CUST0023,Reyansh Yadav,Delhi,Delhi,North,ELECTRONICS,USB-C Charger,8,2262.19,0,18097.52,10020.26,8077.26,Credit Card,Returning
ORD01536,2024-10-15,CUST0458,Riya Chauhan,Hyderabad,Telangana,South,grocery,Green Tea Pack,1,662.81,0,662.81,462.25,200.56,UPI,New
ORD00927,2024-07-23,CUST0006,Simran Chauhan,Lucknow,Uttar Pradesh,North,books,Self Help Book,8,423.15,0.05,3215.94,2072.74,1143.2,Credit Card,New
ORD00465,2024-06-02,CUST0028,Kabir Yadav,Pune,Maharashtra,West,books,Cook Book,7,619.68,0,4337.76,2657.53,1680.23,Credit Card,Returning
ORD01609,2024-03-14,CUST0424,Arjun Singh,Bhopal,Madhya Pradesh,Central, Clothing ,Women Kurti,8,1213.91,0.25,7283.46,5487.57,1795.89,Debit Card,Returning
ORD00411,2024-10-24,CUST0142,Rohit Nair,Pune,Maharashtra,West,Grocery,Almonds 500g,1,319.78,0.15,271.81,168.98,102.83,Credit Card,New
ORD00030,2024-08-14,CUST0159,Sai Kumar,Patna,Bihar,East,Beauty,Face Wash,6,190.91,0.05,1088.19,818.11,270.08,Cash on Delivery,New
ORD00240,2023-01-24,CUST0241,Myra Iyer,Patna,Bihar,East,Home and Kitchen,Non-Stick Pan,7,332.91,0.25,1747.78,1200.91,546.87,UPI,Returning
ORD01437,2024-01-17,CUST0029,Vivaan Chauhan,Pune,Maharashtra,West,Books,Fiction Novel,4,289.81,0.05,1101.28,764.25,337.03,Credit Card,New
ORD00788,2023-05-31,CUST0100,Neha Singh, Ahmedabad,Gujarat,West,electronics,Laptop Stand,8,759.24,0.15,5162.83,4041.13,1121.7,Cash on Delivery,New
ORD01715,2023-03-02,CUST0341,Rohit Singh,Delhi,Delhi,North,Beauty,Face Wash,2,700.71,0,1401.42,909.52,491.9,UPI,Returning
ORD01531,2024-07-11,CUST0367,Aadhya Nair,Mumbai,Maharashtra,West, Electronics,Power Bank 10000mAh,7,763.12,0.2,4273.47,2812.22,1461.25,Net Banking,New
ORD00357,2024-03-11,CUST0115,Simran Nair,Pune,Maharashtra,West, Electronics,Laptop Stand,2,387.54,0,775.08,517.19,257.89,Debit Card,New
ORD00646,2024-11-03,CUST0308,Myra Mehta,Indore,Madhya Pradesh,Central,Cloths,Formal Shirt,7,1315.33,0.1,8286.58,4757.6,3528.98,UPI,Returning
ORD00096,2024-06-01,CUST0062,Reyansh Das,Kolkata,West Bengal,East,books,Cook Book,,441.72,0,,,,Cash on Delivery,Returning
ORD00558,2024-05-08,CUST0165,Aarav Verma,Bhubaneswar,Odisha,East,beauty,Hair Serum,1,547.73,0.05,520.34,296.31,224.03,Cash on Delivery,New
ORD00700,2023-06-13,CUST0072,Myra Das,Mumbai,Maharashtra,West,Books,Cook Book,8,623.19,0.2,3988.42,3148.43,839.99,Cash on Delivery,New
ORD01670,2023-12-17,CUST0426,Simran Verma,Noida,Uttar Pradesh,North,books,Children Story Book,2,226.82,0.2,362.91,238.54,124.37,Cash on Delivery,New
ORD01327,2024-07-28,CUST0285,Kabir Gupta,Patna,Bihar,East,Grocery,Basmati Rice 5kg,2,518.32,0.2,829.31,553.87,275.44,UPI,Returning
ORD01422,2023-09-05,CUST0030,Riya Iyer,Ahmedabad,Gujarat,West, Clothing ,Formal Shirt,1,1276.73,0.2,1021.38,742.31,279.07,Credit Card,New
ORD00121,2024-02-26,CUST0284,Aarav Verma,Indore,Madhya Pradesh,Central,Books,Self Help Book,6,604.66,0.2,2902.37,1951.45,950.92,Cash on Delivery,Returning
ORD01424,2023-05-18,CUST0132,Aditya Chauhan,Delhi,Delhi,North,Books,Children Story Book,1,188.8,0.25,141.6,112.29,29.31,Cash on Delivery,New
ORD01757,2023-03-17,CUST0434,Sai Kumar,Indore,Madhya Pradesh,Central,Electronics,USB-C Charger,3,2788.17,0.1,7528.06,4302.53,3225.53,Debit Card,Returning
ORD01598,2023-05-08,CUST0536,Aditya Singh,Noida,Uttar Pradesh,North,Electronics,Webcam HD,6,1038.72,0.25,4674.24,2818.88,1855.36,Debit Card,Returning
ORD00907,2024-08-03,CUST0110,Aditya Chauhan,Noida,Uttar Pradesh,North,home & kitchen,Storage Container Set,3,1014.78,0,3044.34,1787.86,1256.48,UPI,Returning
ORD01475,2024-01-16,CUST0045,Isha Mehta,Pune,Maharashtra,West,beauty,Moisturizer Cream,2,840.15,0,1680.3,1049.7,630.6,Cash on Delivery,New
ORD00935,2024-06-21,CUST0011,Ishaan Iyer,Bhopal,Madhya Pradesh,Central,clothing,Men Cotton T-Shirt,1,1295.35,0.2,1036.28,598.97,437.31,Credit Card,New
ORD00978,2024-06-21,CUST0437,Rohit Patel,Chennai,Tamil Nadu,South,grocery,Basmati Rice 5kg,,657.69,0,,,,UPI,Returning
ORD01665,2024-01-28,CUST0277,Reyansh Reddy,Kolkata,West Bengal,East, Electronics,Webcam HD,3,2848.23,0,8544.69,5549.5,2995.19,Credit Card,New
ORD01163,2024-10-23,CUST0304,Simran Kapoor,Patna,Bihar,East,Grocery,Basmati Rice 5kg,2,400.7,0,801.4,570.26,231.14,Cash on Delivery,Returning
ORD01984,2024-02-08,CUST0039,Ananya Verma,Noida,Uttar Pradesh,North,clothing,Winter Jacket,8,748.58,0,5988.64,4465.37,1523.27,Cash on Delivery,Returning
ORD00952,2023-01-31,CUST0169,Kavya Sharma,Chennai,Tamil Nadu,South,Grocery,Basmati Rice 5kg,-3,489.82,0.2,,,,UPI,New
ORD01833,2024-12-09,CUST0531,Saanvi Verma,Jaipur,Rajasthan,North, Grocery,Basmati Rice 5kg,5,468.32,0.15,1990.36,1391.49,598.87,Credit Card,New
ORD00093,2023-09-25,CUST0510,Kabir Chauhan,Chennai,Tamil Nadu,South, Electronics,USB-C Charger,6,1143.89,0.05,6520.17,4794.37,1725.8,UPI,Returning
ORD00529,2023-02-10,CUST0285,Kabir Gupta,Bhopal,Madhya Pradesh,Central,Cloths,Men Cotton T-Shirt,4,1981.21,0,7924.84,4361.44,3563.4,Debit Card,Returning
ORD00687,2023-11-29,CUST0037,Aditya Sharma,Kolkata,West Bengal,East,ELECTRONICS,Power Bank 10000mAh,7,970.29,0,6792.03,3949.66,2842.37,Credit Card,Returning
ORD01276,2024-06-25,CUST0517,Aarav Chauhan,Indore,Madhya Pradesh,Central, Beauty,Face Wash,1,736.86,0.2,589.49,411.36,178.13,Credit Card,New
ORD00439,2024-10-02,CUST0492,Kavya Chauhan,Bengaluru,Karnataka,South,Grocery,Green Tea Pack,4,196.06,0.15,666.6,505.37,161.23,Debit Card,New
ORD00265,2024-02-13,CUST0134,Ishaan Verma,Ahmedabad,Gujarat,West, Clothing ,Running Shoes,7,1407.82,0.05,9362.0,5716.24,3645.76,Debit Card,Returning
ORD01545,2024-02-15,CUST0009,Vivaan Sharma,Mumbai,Maharashtra,West,Beauty,Lipstick,4,552.72,0.25,1658.16,1006.2,651.96,Net Banking,New
ORD00476,2024-10-12,CUST0493,Ishaan Kumar,Pune,Maharashtra,West,home & kitchen,Ceramic Mug Set,8,748.51,0.2,4790.46,3545.33,1245.13,Net Banking,New
ORD01919,2024-07-31,CUST0067,Arjun Kumar,Bengaluru,Karnataka,South,books,Fiction Novel,2,167.36,0.2,267.78,173.81,93.97,UPI,Returning
ORD01050,2024-04-06,CUST0110,Aditya Chauhan,Mumbai,Maharashtra,West,books,Self Help Book,2,229.9,0.1,413.82,318.03,95.79,Net Banking,Returning
ORD01059,2024-08-28,CUST0481,Priya Sharma,Mumbai,Maharashtra,West,SPORTS,Yoga Mat,4,1187.76,0.1,4275.94,2943.94,1332.0,Net Banking,Returning
ORD01188,2023-12-18,CUST0411,Reyansh Nair,Indore,Madhya Pradesh,Central,Home & Kitchen,LED Table Lamp,7,383.29,0,2683.03,1692.73,990.3,Debit Card,Returning
ORD01460,2024-11-08,CUST0069,Pooja Iyer,Bengaluru,Karnataka,South,sports,Football,6,602.65,0.1,3254.31,2516.74,737.57,UPI,New
ORD00099,2023-12-06,CUST0098,Karan Kumar,Bhopal,Madhya Pradesh,Central,Sports,Cricket Bat,8,822.52,0.1,5922.14,4588.64,1333.5,Cash on Delivery,New
ORD00708,2024-07-01,CUST0082,Kavya Reddy,Ahmedabad,Gujarat,West, Electronics,Webcam HD,4,990.39,0.05,3763.48,2284.75,1478.73,Net Banking,New
ORD00533,2024-02-17,CUST0540,Neha Singh,Delhi,Delhi,North,Books,Fiction Novel,1,209.52,0,209.52,122.16,87.36,UPI,Returning
ORD01218,2023-02-05,CUST0214,Ishaan Mehta,Kolkata,West Bengal,East,SPORTS,Yoga Mat,4,1460.27,0.15,4964.92,3924.52,1040.4,Credit Card,New
ORD01588,2023-06-24,CUST0277,Reyansh Reddy,Pune,Maharashtra,West,Books,Fiction Novel,4,250.66,0.15,852.24,534.47,317.77,UPI,New
ORD00262,2023-08-11,CUST0333,Ishaan Patel,Ahmedabad,Gujarat,West,Beauty,Sunscreen SPF50,2,575.18,0.2,920.29,524.21,396.08,UPI,Returning
ORD01118,2024-05-11,CUST0353,Vihaan Nair,Delhi,Delhi,North,books,Children Story Book,4,649.25,0,2597.0,1843.83,753.17,Net Banking,New
ORD00809,2023-11-02,CUST0148,Isha Reddy,Lucknow,Uttar Pradesh,North,Electronics,Power Bank 10000mAh,7,511.52,0,3580.64,2369.21,1211.43,Net Banking,New
ORD00616,2023-03-24,CUST0491,Ananya Singh, Delhi,Delhi,North,Home and Kitchen,Non-Stick Pan,8,858.89,0.2,5496.9,3679.61,1817.29,Credit Card,New
ORD01651,2023-05-20,CUST0341,Rohit Singh,Bhubaneswar,Odisha,East, Clothing ,Formal Shirt,5,1359.89,0,6799.45,4947.62,1851.83,Debit Card,Returning
ORD01298,2023-05-15,CUST0096,Sai Iyer,Hyderabad,Telangana,South,Sports,Football,6,1809.95,0,10859.7,7576.54,3283.16,UPI,Returning
ORD01429,2024-07-02,CUST0001,Karan Verma,Lucknow,Uttar Pradesh,North,Beauty,Moisturizer Cream,6,319.79,0,1918.74,1234.61,684.13,Net Banking,Returning
ORD00717,2023-08-09,CUST0451,Aditya Iyer,Indore,Madhya Pradesh,Central,Home & Kitchen,Non-Stick Pan,6,1138.7,0.25,5124.15,4037.89,1086.26,UPI,Returning
ORD01762,2024-05-08,CUST0400,Sai Kapoor,Chennai,Tamil Nadu,South, Electronics,Wireless Mouse,2,1588.77,0.15,2700.91,1797.8,903.11,Credit Card,New
ORD00596,2023-11-07,CUST0067,Arjun Kumar, Ahmedabad,Gujarat,West,Home & Kitchen,Ceramic Mug Set,5,1272.11,0.25,4770.41,2988.45,1781.96,Net Banking,Returning
ORD01974,2024-11-21,CUST0373,Diya Iyer,Hyderabad,Telangana,South,grocery,Almonds 500g,5,919.05,0.25,3446.44,1984.77,1461.67,Debit Card,Returning
ORD01571,2023-10-23,CUST0071,Pooja Das,Lucknow,Uttar Pradesh,North,home & kitchen,Ceramic Mug Set,7,465.23,0.1,2930.95,2309.17,621.78,UPI,New
ORD01383,2024-12-24,CUST0521,Ananya Chauhan,Patna,Bihar,East,Home and Kitchen,Ceramic Mug Set,5,1428.62,0.1,6428.79,4457.85,1970.94,Debit Card,Returning
ORD01191,2023-05-21,CUST0357,Neha Mehta,Noida,Uttar Pradesh,North,electronics,Power Bank 10000mAh,1,307.98,0,307.98,220.08,87.9,UPI,New
ORD01784,2024-10-17,CUST0468,Ishaan Kapoor,Jaipur,Rajasthan,North,Grocery,Basmati Rice 5kg,3,863.48,0,2590.44,1988.94,601.5,Net Banking,New
ORD01517,2023-10-22,CUST0017,Riya Das,Mumbai,Maharashtra,West,SPORTS,Football,5,2372.45,0.2,9489.8,6837.76,2652.04,Debit Card,New
ORD00910,2023-08-25,CUST0045,Isha Mehta,Noida,Uttar Pradesh,North,beauty,Hair Serum,2,181.09,0.25,271.63,198.18,73.45,Credit Card,New
ORD01243,2023-05-22,CUST0526,Saanvi Nair,Chennai,Tamil Nadu,South,sports,Yoga Mat,7,522.7,0,3658.9,2466.9,1192.0,Debit Card,New
ORD01854,2023-10-13,CUST0271,Saanvi Singh,Bhubaneswar,Odisha,East,books,Cook Book,4,252.08,0,1008.32,797.79,210.53,Credit Card,Returning
ORD01097,2024-05-30,CUST0344,Kavya Singh,Bhopal,Madhya Pradesh,Central, Electronics,USB-C Charger,1,2140.89,0.15,1819.76,1326.26,493.5,Cash on Delivery,New
ORD01601,2024-06-01,CUST0021,Myra Mehta,Patna,Bihar,East, Electronics,Laptop Stand,5,1819.03,0,9095.15,5467.12,3628.03,Credit Card,Returning
ORD01886,2024-01-12,CUST0057,Diya Kapoor,Kolkata,West Bengal,East,Home and Kitchen,Ceramic Mug Set,,1225.99,0,,,,Cash on Delivery,New
ORD00107,2024-02-12,CUST0299,Pooja Patel,Bhubaneswar,Odisha,East,books,Self Help Book,5,598.07,0,2990.35,2341.49,648.86,Credit Card,New
ORD01320,2024-02-25,CUST0487,Saanvi Patel,Bhopal,Madhya Pradesh,Central,SPORTS,Football,1,1972.52,0.2,1578.02,997.74,580.28,Cash on Delivery,Returning
ORD01935,2023-04-19,CUST0186,Aadhya Gupta,Bhopal,Madhya Pradesh,Central, Beauty,Moisturizer Cream,4,832.48,0.15,2830.43,2224.15,606.28,Net Banking,Returning
ORD01815,,CUST0346,Rahul Sharma,Noida,Uttar Pradesh,North, Electronics,Wireless Mouse,7,412.73,0,2889.11,2227.84,661.27,Cash on Delivery,New
ORD00994,2023-12-01,CUST0532,Rohit Patel,Noida,Uttar Pradesh,North,clothing,Men Cotton T-Shirt,2,528.02,0,1056.04,725.49,330.55,Credit Card,New
ORD00987,2024-07-20,CUST0025,Aditya Reddy,Hyderabad,Telangana,South, Clothing ,Winter Jacket,2,1429.77,0,2859.54,2216.04,643.5,Net Banking,Returning
ORD01840,2024-12-16,CUST0258,Ishaan Kapoor,Bengaluru,Karnataka,South,Clothing,Men Cotton T-Shirt,5,1729.53,0.1,7782.89,5211.65,2571.24,Credit Card,Returning
ORD00034,2023-08-05,CUST0262,Pooja Mehta,Lucknow,Uttar Pradesh,North,Home & Kitchen,Non-Stick Pan,7,427.4,0.05,2842.21,1918.68,923.53,Debit Card,New
ORD00977,2024-02-08,CUST0334,Ananya Singh,Lucknow,Uttar Pradesh,North,Beauty,Lipstick,4,184.78,0.15,628.25,442.82,185.43,Credit Card,Returning
ORD01314,2024-10-02,CUST0494,Simran Das,Bhubaneswar,Odisha,East,Home & Kitchen,Non-Stick Pan,5,503.79,0,2518.95,1911.4,607.55,UPI,New
ORD00586,2023-04-23,CUST0472,Neha Patel,Delhi,Delhi,North,Home & Kitchen,Ceramic Mug Set,8,656.54,0,5252.32,3354.17,1898.15,Credit Card,New
ORD00094,2024-03-03,CUST0201,Simran Chauhan,Jaipur,Rajasthan,North, Clothing ,Running Shoes,8,1235.09,0.15,8398.61,5159.53,3239.08,Net Banking,Returning
ORD01149,2024-03-14,CUST0374,Aditya Gupta,Bhopal,Madhya Pradesh,Central,Grocery,Almonds 500g,3,797.32,0.15,2033.17,1499.92,533.25,Debit Card,New
ORD00177,2023-11-02,CUST0467,  Kabir Mehta  ,Bhubaneswar,Odisha,East,SPORTS,Skipping Rope,3,987.29,0.15,2517.59,1856.8,660.79,Credit Card,Returning
ORD01874,2024-08-10,CUST0211,Reyansh Iyer,Mumbai,Maharashtra,West,beauty,Sunscreen SPF50,,375.3,0.2,,,,Cash on Delivery,Returning
ORD01208,2023-11-11,CUST0323,Riya Nair,Jaipur,Rajasthan,North,electronics,Power Bank 10000mAh,1,2162.23,0,2162.23,1651.72,510.51,UPI,New
ORD00701,2024-06-30,CUST0450,Simran Mehta,Chennai,Tamil Nadu,South, Grocery,Basmati Rice 5kg,7,844.48,0,5911.36,3788.26,2123.1,Cash on Delivery,Returning
ORD00645,2024-06-12,CUST0220,Aarav Patel,Mumbai,Maharashtra,West,Beauty,Sunscreen SPF50,4,666.99,0.1,2401.16,1688.84,712.32,Cash on Delivery,New
ORD01274,2024-06-24,CUST0152,Karan Verma,Bhopal,Madhya Pradesh,Central,Beauty,Hair Serum,5,896.63,0.2,3586.52,2197.35,1389.17,UPI,Returning
ORD01480,2023-05-23,CUST0232,Saanvi Kumar,Mumbai,Maharashtra,West,Home & Kitchen,Storage Container Set,7,437.97,0,3065.79,2025.43,1040.36,UPI,Returning
ORD00547,2024-13-40,CUST0317,Priya Kapoor, Noida,Uttar Pradesh,North,Sports,Yoga Mat,2,2445.33,0.25,3667.99,2059.28,1608.71,Debit Card,New
ORD00366,2023-09-25,CUST0019,Aarav Yadav,Ahmedabad,Gujarat,West, Electronics,Wireless Mouse,6,2601.76,0,15610.56,8714.05,6896.51,Cash on Delivery,Returning
ORD01499,2024-09-17,CUST0096,Sai Iyer,Lucknow,Uttar Pradesh,North, Beauty,Moisturizer Cream,4,454.77,0,1819.08,1315.84,503.24,Cash on Delivery,Returning
ORD00976,2024-11-22,CUST0077,Vivaan Kapoor,Bhopal,Madhya Pradesh,Central,Grocery,Almonds 500g,3,141.2,0.15,360.06,250.42,109.64,Debit Card,New
ORD01691,2024-11-27,CUST0209,Rohit Verma,Kolkata,West Bengal,East,ELECTRONICS,Power Bank 10000mAh,6,2301.44,0.2,11046.91,7122.37,3924.54,Cash on Delivery,New
ORD01203,2024-07-07,CUST0463,Priya Yadav,Bhopal,Madhya Pradesh,Central, Electronics,Wireless Mouse,5,2771.94,0.15,11780.75,8867.62,2913.13,Debit Card,New
ORD01077,2024-03-31,CUST0056,Ishaan Patel,Patna,Bihar,East,Books,Self Help Book,7,543.4,0.05,3613.61,2272.17,1341.44,Debit Card,New
ORD00441,2024-03-18,CUST0058,Vivaan Singh,Hyderabad,Telangana,South,ELECTRONICS,Laptop Stand,7,928.4,0,6498.8,4311.0,2187.8,Net Banking,Returning
ORD00010,2023-07-13,CUST0245,Vivaan Kapoor,Kolkata,West Bengal,East,Beauty,Sunscreen SPF50,8,663.18,0.2,4244.35,3383.19,861.16,Credit Card,Returning
ORD00038,2024-04-04,CUST0331,Neha Mehta,Indore,Madhya Pradesh,Central,books,Self Help Book,8,392.21,0.1,2823.91,1970.68,853.23,Debit Card,New
ORD01167,2023-12-02,CUST0398,Simran Patel,Patna,Bihar,East,beauty,Sunscreen SPF50,2,575.63,0.05,1093.7,682.52,411.18,Credit Card,New
ORD01321,2023-02-17,CUST0211,Reyansh Iyer,Kolkata,West Bengal,East,Beauty,Lipstick,3,656.1,0.25,1476.23,1176.34,299.89,UPI,Returning
ORD00019,2024-11-23,CUST0407,Myra Gupta,Indore,Madhya Pradesh,Central, Grocery,Green Tea Pack,7,111.53,0.25,585.53,376.0,209.53,Debit Card,Returning
ORD00761,2023-05-03,CUST0097,Vihaan Kapoor,Bengaluru,Karnataka,South,SPORTS,Dumbbell Set 5kg,7,1800.75,0.15,10714.46,6383.11,4331.35,Debit Card,Returning
ORD00112,2023-12-23,CUST0449,Priya Reddy,Bhubaneswar,Odisha,East,books,Children Story Book,1,594.6,0.15,505.41,359.85,145.56,Credit Card,New
ORD01596,2024-07-29,CUST0137,Aadhya Singh,Hyderabad,Telangana,South,home & kitchen,Non-Stick Pan,4,641.03,0.15,2179.5,1287.59,891.91,Cash on Delivery,Returning
ORD01025,2023-04-20,CUST0472,Neha Patel,Kolkata,West Bengal,East, Grocery,Almonds 500g,1,895.29,0.1,805.76,611.39,194.37,Net Banking,Returning
ORD00011,2024-08-27,CUST0103,Aadhya Sharma,Indore,Madhya Pradesh,Central,grocery,Basmati Rice 5kg,8,112.81,0,902.48,513.25,389.23,Debit Card,Returning
ORD01527,2024-03-03,CUST0547,Neha Chauhan,Bhopal,Madhya Pradesh,Central,Books,Fiction Novel,3,519.91,0,1559.73,993.86,565.87,Cash on Delivery,Returning
ORD00353,2023-06-17,CUST0370,Aditya Chauhan,Bengaluru,Karnataka,South,books,Fiction Novel,2,431.63,0,863.26,639.82,223.44,Cash on Delivery,New
ORD00432,2023-10-07,CUST0330,Simran Patel,Jaipur,Rajasthan,North, Clothing ,Running Shoes,3,,0.25,,,,UPI,New
ORD01575,2024-12-03,CUST0097,Vihaan Kapoor,Pune,Maharashtra,West,sports,Cricket Bat,3,844.76,0.05,2407.57,1336.46,1071.11,Cash on Delivery,New
ORD01196,2023-07-19,CUST0223,Arjun Kumar,Bengaluru,Karnataka,South,Electronics,Power Bank 10000mAh,3,1452.23,0.25,3267.52,2210.5,1057.02,Credit Card,New
ORD01900,,CUST0022,Kabir Gupta,Chennai,Tamil Nadu,South,electronics,Laptop Stand,1,1723.87,0.2,1379.1,1075.37,303.73,Net Banking,New
ORD01311,2023-03-30,CUST0507,Rahul Gupta,Kolkata,West Bengal,East,SPORTS,Cricket Bat,3,293.71,0.05,837.07,553.57,283.5,Debit Card,Returning
ORD01444,2024-10-22,CUST0429,Kabir Yadav,Noida,Uttar Pradesh,North,Books,Children Story Book,5,374.95,0.2,1499.8,917.26,582.54,Cash on Delivery,New
ORD01711,2023-06-25,CUST0265,Pooja Yadav,Lucknow,Uttar Pradesh,North,Cloths,Women Kurti,6,1760.88,0.25,7923.96,5386.1,2537.86,Credit Card,Returning
ORD01802,2024-11-19,CUST0427,Rohit Singh,Patna,Bihar,East, Grocery,Basmati Rice 5kg,5,995.4,0.1,4479.3,3221.95,1257.35,Net Banking,New
ORD00725,2023-11-12,CUST0027,Isha Das,Hyderabad,Telangana,South,Sports,Cricket Bat,2,952.16,0.05,1809.1,1292.68,516.42,Credit Card,Returning
ORD01607,2023-07-18,CUST0221,Priya Kumar,Lucknow,Uttar Pradesh,North,Home and Kitchen,LED Table Lamp,5,722.86,0.2,2891.44,2130.42,761.02,Credit Card,New
ORD01793,2024-07-31,CUST0329,  Ananya Iyer  ,Chennai,Tamil Nadu,South, Beauty,Hair Serum,2,184.58,0.25,276.87,220.76,56.11,Cash on Delivery,New
ORD01565,2024-06-19,CUST0421,Aarav Singh,Noida,Uttar Pradesh,North,Beauty,Moisturizer Cream,2,617.81,0.05,1173.84,862.27,311.57,Cash on Delivery,New
ORD01525,2023-02-08,CUST0539,Neha Yadav,Indore,Madhya Pradesh,Central,SPORTS,Cricket Bat,8,1397.39,0.1,10061.21,7680.75,2380.46,Cash on Delivery,New
ORD00443,2024-09-27,CUST0249,Vivaan Kumar,Delhi,Delhi,North,Grocery,Basmati Rice 5kg,7,560.81,0.15,3336.82,2094.85,1241.97,Cash on Delivery,New
ORD00449,2023-05-28,CUST0134,Ishaan Verma,Ahmedabad,Gujarat,West,clothing,Running Shoes,6,839.52,0.05,4785.26,3733.72,1051.54,Cash on Delivery,New
ORD01078,2023-03-26,CUST0187,Vivaan Iyer,Chennai,Tamil Nadu,South,Home and Kitchen,LED Table Lamp,1,212.75,0,212.75,121.21,91.54,UPI,Returning
ORD00779,2023-03-01,CUST0123,Simran Patel,Indore,Madhya Pradesh,Central,Clothing,Running Shoes,1,1402.07,0.2,1121.66,696.12,425.54,Cash on Delivery,Returning
ORD00536,2023-12-28,CUST0232,Saanvi Kumar,Bhopal,Madhya Pradesh,Central,books,Fiction Novel,2,272.49,0.1,490.48,313.58,176.9,Cash on Delivery,Returning
ORD00155,2023-04-06,CUST0495,Isha Nair,Bhubaneswar,Odisha,East, Electronics,Power Bank 10000mAh,7,723.18,0.05,4809.15,3816.54,992.61,Net Banking,Returning
ORD01200,2023-01-30,CUST0115,Simran Nair,Mumbai,Maharashtra,West,SPORTS,Skipping Rope,4,1527.11,0.05,5803.02,4399.65,1403.37,Debit Card,New
ORD00203,2024-10-06,CUST0435,Vihaan Das,Indore,Madhya Pradesh,Central,electronics,Webcam HD,7,2044.72,0,14313.04,7957.17,6355.87,Debit Card,New
ORD00363,2023-06-22,CUST0204,Arjun Patel,Jaipur,Rajasthan,North, Clothing ,Men Cotton T-Shirt,7,1531.84,0.1,9650.59,7132.52,2518.07,Net Banking,Returning
ORD00219,2024-01-23,CUST0112,Aditya Yadav,Mumbai,Maharashtra,West, Clothing ,Women Kurti,3,1107.98,0,3323.94,2557.57,766.37,Cash on Delivery,New
ORD01950,2023-07-21,CUST0477,Isha Yadav,Bhopal,Madhya Pradesh,Central,grocery,Cooking Oil 1L,5,139.62,0,698.1,458.49,239.61,Cash on Delivery,New
ORD01239,2023-03-26,CUST0436,Aarav Kumar,Chennai,Tamil Nadu,South,home & kitchen,Storage Container Set,1,1396.77,0.1,1257.09,906.46,350.63,Credit Card,Returning
ORD01235,2024-03-23,CUST0041,Vihaan Reddy,Hyderabad,Telangana,South,Clothing,Women Kurti,7,840.55,0,5883.85,4287.0,1596.85,UPI,New
ORD01528,2023-09-20,CUST0004,Ishaan Gupta,Indore,Madhya Pradesh,Central,Home and Kitchen,Storage Container Set,2,246.24,0.05,467.86,336.2,131.66,Credit Card,New
ORD00839,2023-01-12,CUST0523,Saanvi Verma,Ahmedabad,Gujarat,West,Electronics,Webcam HD,1,1118.03,0.15,950.33,741.43,208.9,Net Banking,New
ORD01830,2024-12-04,CUST0389,Kavya Kapoor,Hyderabad,Telangana,South, Electronics,Wireless Mouse,6,1226.46,0.25,5519.07,3451.04,2068.03,UPI,Returning
ORD01756,2023-02-24,CUST0467,Kabir Mehta,Ahmedabad,Gujarat,West,Beauty,Face Wash,4,622.07,0.1,2239.45,1565.11,674.34,Credit Card,New
ORD01381,2023-12-10,CUST0174,Myra Chauhan,Kolkata,West Bengal,East,sports,Cricket Bat,2,1873.23,0.25,2809.85,2101.13,708.72,Debit Card,New
ORD01259,2023-12-30,CUST0053,Riya Reddy,Bhubaneswar,Odisha,East,sports,Yoga Mat,5,2143.42,0.15,9109.53,6985.5,2124.03,UPI,New
ORD00825,2024-04-23,CUST0300,Reyansh Mehta,Delhi,Delhi,North, Grocery,Almonds 500g,7,423.3,0.1,2666.79,2056.61,610.18,Debit Card,Returning
ORD01770,2024-12-07,CUST0245,Vivaan Kapoor,Bengaluru,Karnataka,South,Sports,Football,2,1150.8,0.1,2071.44,1147.03,924.41,Credit Card,New
ORD01205,2024-05-18,CUST0082,Kavya Reddy,Lucknow,Uttar Pradesh,North,Home and Kitchen,Non-Stick Pan,1,1158.26,0,1158.26,878.36,279.9,Net Banking,Returning
ORD01708,2024-08-01,CUST0004,Ishaan Gupta,Indore,Madhya Pradesh,Central,Home and Kitchen,Storage Container Set,6,856.18,0,5137.08,3266.76,1870.32,Debit Card,Returning
ORD00375,2023-09-02,CUST0197,Myra Patel,Mumbai,Maharashtra,West,Cloths,Winter Jacket,7,1016.43,0.05,6759.26,3986.88,2772.38,Credit Card,New
ORD00819,2023-06-19,CUST0492,Kavya Chauhan,Hyderabad,Telangana,South,sports,Cricket Bat,2,2233.15,0,4466.3,3413.56,1052.74,Debit Card,New
ORD00317,2023-03-05,CUST0341,Rohit Singh,Mumbai,Maharashtra,West,home & kitchen,Storage Container Set,8,1472.25,0.2,9422.4,5602.66,3819.74,Net Banking,New
ORD01198,2024-06-08,CUST0525,Ananya Nair,Kolkata,West Bengal,East,Grocery,Green Tea Pack,8,268.19,0.2,1716.42,1157.11,559.31,Net Banking,Returning
ORD00986,2023-03-06,CUST0147,Simran Reddy,Bhopal,Madhya Pradesh,Central, Grocery,Basmati Rice 5kg,2,152.09,0,304.18,206.81,97.37,Net Banking,Returning
ORD01954,2024-06-07,CUST0163,Vivaan Patel,Mumbai,Maharashtra,West,home & kitchen,Ceramic Mug Set,7,1388.61,0,9720.27,6659.2,3061.07,Net Banking,Returning
ORD01557,2024-09-21,CUST0087,Pooja Verma,Bhopal,Madhya Pradesh,Central,electronics,Power Bank 10000mAh,8,1604.84,0,12838.72,8090.62,4748.1,Net Banking,New
ORD01507,2024-09-14,CUST0474,Aarav Nair,Ahmedabad,Gujarat,West,Books,Cook Book,4,415.05,0,1660.2,957.4,702.8,Cash on Delivery,Returning
ORD00243,2024-01-10,CUST0160,Riya Singh,Lucknow,Uttar Pradesh,North,Electronics,Webcam HD,3,1227.49,0,3682.47,2658.53,1023.94,Net Banking,Returning
ORD01972,2024-06-21,CUST0100,Neha Singh,Ahmedabad,Gujarat,West,beauty,Sunscreen SPF50,1,348.49,0,348.49,221.52,126.97,Net Banking,New
ORD00794,2023-06-07,CUST0243,Aditya Chauhan,Ahmedabad,Gujarat,West,Electronics,Wireless Mouse,6,2648.43,0,15890.58,11054.9,4835.68,Net Banking,Returning
ORD01584,2024-12-21,CUST0193,Vihaan Das,Bengaluru,Karnataka,South,Grocery,Basmati Rice 5kg,7,308.94,0.15,1838.19,1129.66,708.53,Credit Card,Returning
ORD00940,2023-01-19,CUST0198,Rohit Das,Indore,Madhya Pradesh,Central,electronics,USB-C Charger,2,2508.07,0.2,4012.91,2361.59,1651.32,Net Banking,New
ORD01340,2024-08-05,CUST0182,Vivaan Chauhan,Noida,Uttar Pradesh,North,home & kitchen,Steel Water Bottle,3,963.38,0.05,2745.63,1657.9,1087.73,Cash on Delivery,Returning
ORD00944,2024-01-13,CUST0067,Arjun Kumar,Ahmedabad,Gujarat,West,home & kitchen,Steel Water Bottle,1,1128.05,0.1,1015.25,706.33,308.92,Credit Card,Returning
ORD01799,2023-01-09,CUST0482,Aadhya Singh,Noida,Uttar Pradesh,North, Beauty,Lipstick,5,724.47,0.1,3260.12,2501.77,758.35,Debit Card,Returning
ORD00574,2024-08-24,CUST0211,Reyansh Iyer,Bhubaneswar,Odisha,East,beauty,Sunscreen SPF50,5,751.71,0.2,3006.84,1976.48,1030.36,Cash on Delivery,Returning
ORD00082,2024-04-10,CUST0383,Myra Reddy,Bengaluru,Karnataka,South,books,Self Help Book,2,438.03,0.15,744.65,424.1,320.55,Cash on Delivery,New
ORD00130,2024-06-24,CUST0013,Priya Singh, Jaipur,Rajasthan,North,Home & Kitchen,Ceramic Mug Set,7,674.04,0.25,3538.71,2790.67,748.04,UPI,New
ORD01564,2024-01-20,CUST0318,Aarav Kumar,Delhi,Delhi,North,Clothing,Men Cotton T-Shirt,3,913.83,0,2741.49,2036.21,705.28,Credit Card,New
ORD01142,2024-02-07,CUST0542,Riya Nair,Bhubaneswar,Odisha,East,sports,Cricket Bat,6,1643.41,0,9860.46,6792.32,3068.14,Net Banking,New
ORD01296,2023-10-03,CUST0141,Pooja Das,Lucknow,Uttar Pradesh,North,electronics,Bluetooth Speaker,2,1254.35,0.15,2132.39,1361.86,770.53,Debit Card,New
ORD01518,2024-12-12,CUST0091,Vihaan Kumar,Kolkata,West Bengal,East,ELECTRONICS,Bluetooth Speaker,1,1537.37,0.1,1383.63,926.42,457.21,Credit Card,Returning
ORD00480,2023-02-05,CUST0371,Ananya Singh,Patna,Bihar,East,Books,Self Help Book,8,668.35,0.05,5079.46,3558.35,1521.11,Credit Card,New
ORD01486,2023-03-19,CUST0386,Rohit Reddy,Lucknow,Uttar Pradesh,North, Beauty,Lipstick,8,109.28,0.1,786.82,618.63,168.19,Debit Card,New
ORD01730,2024-08-30,CUST0046,Reyansh Patel,Pune,Maharashtra,West,home & kitchen,Non-Stick Pan,4,978.86,0,3915.44,2680.07,1235.37,Credit Card,New
ORD00072,2024-13-40,CUST0322,Karan Mehta,Bengaluru,Karnataka,South, Clothing ,Formal Shirt,8,1782.79,0,14262.32,10360.77,3901.55,Cash on Delivery,New
ORD00575,2023-03-07,CUST0035,Isha Das,Hyderabad,Telangana,South,Home and Kitchen,Ceramic Mug Set,6,716.8,0.15,3655.68,2403.05,1252.63,Credit Card,Returning
ORD01982,2023-01-30,CUST0470,Riya Singh,Noida,Uttar Pradesh,North,ELECTRONICS,Wireless Mouse,7,888.74,0.1,5599.06,4253.09,1345.97,Debit Card,New
ORD00400,2023-02-16,CUST0305,Vihaan Chauhan,Jaipur,Rajasthan,North,SPORTS,Dumbbell Set 5kg,8,1633.76,0,13070.08,7878.21,5191.87,UPI,Returning
ORD00632,2024-08-19,CUST0154,Pooja Mehta,Bengaluru,Karnataka,South, Grocery,Basmati Rice 5kg,4,607.86,0.2,1945.15,1331.93,613.22,UPI,New
ORD00623,2024-01-29,CUST0392,Priya Yadav,Bengaluru,Karnataka,South,Beauty,Moisturizer Cream,3,626.94,0.1,1692.74,944.26,748.48,Debit Card,New
ORD00042,2024-11-02,CUST0402,Neha Iyer,Delhi,Delhi,North,SPORTS,Yoga Mat,7,1679.03,0,11753.21,8433.27,3319.94,Cash on Delivery,New
ORD00931,2024-06-27,CUST0024,Diya Verma,Ahmedabad,Gujarat,West,Clothing,Denim Jeans,3,1710.71,0,5132.13,3420.16,1711.97,UPI,Returning
ORD01869,2023-04-30,CUST0111,Saanvi Kapoor,Patna,Bihar,East,SPORTS,Yoga Mat,2,1741.61,0.2,2786.58,2204.34,582.24,Credit Card,New
ORD01290,2023-12-19,CUST0061,Kabir Verma,Pune,Maharashtra,West,SPORTS,Cricket Bat,5,954.69,0,4773.45,2895.14,1878.31,Net Banking,Returning
ORD01326,2024-08-02,CUST0429,Kabir Yadav,Chennai,Tamil Nadu,South, Electronics,Webcam HD,6,2511.72,0,15070.32,9674.63,5395.69,Cash on Delivery,New
ORD01852,2023-02-12,CUST0157,Priya Nair,Jaipur,Rajasthan,North,home & kitchen,LED Table Lamp,4,1474.44,0.25,4423.32,3150.77,1272.55,Debit Card,New
ORD00258,2024-08-13,CUST0470,Riya Singh,Bhubaneswar,Odisha,East,books,Fiction Novel,3,451.48,0,1354.44,925.73,428.71,Cash on Delivery,Returning
ORD00152,2024-09-18,CUST0107,  Ananya Singh  ,Bhopal,Madhya Pradesh,Central,Beauty,Lipstick,4,376.45,0,1505.8,1137.5,368.3,Debit Card,Returning
ORD00840,2024-05-05,CUST0177,Rahul Nair,Bengaluru,Karnataka,South,SPORTS,Skipping Rope,2,535.06,0,1070.12,818.96,251.16,UPI,Returning
ORD01219,2024-05-01,CUST0258,Ishaan Kapoor,Pune,Maharashtra,West,Clothing,Running Shoes,-1,1900.54,0.2,,,,UPI,New
ORD01174,,CUST0077,Vivaan Kapoor,Noida,Uttar Pradesh,North,clothing,Women Kurti,3,467.55,0.05,1332.52,849.26,483.26,Credit Card,Returning
ORD01270,2024-04-04,CUST0338,Neha Kapoor,Ahmedabad,Gujarat,West,electronics,Bluetooth Speaker,8,1667.06,0.1,12002.83,7065.96,4936.87,UPI,Returning
ORD00297,2024-10-21,CUST0477,Isha Yadav,Chennai,Tamil Nadu,South,clothing,Women Kurti,5,1850.86,0.15,7866.15,5877.55,1988.6,Debit Card,Returning
ORD01052,2024-09-04,CUST0391,Pooja Chauhan,Bhubaneswar,Odisha,East,Home & Kitchen,LED Table Lamp,4,1280.13,0.25,3840.39,2268.46,1571.93,Credit Card,New
ORD00821,2023-07-29,CUST0032,Aditya Iyer,Bhopal,Madhya Pradesh,Central,Beauty,Face Wash,4,463.2,0.1,1667.52,1029.72,637.8,Cash on Delivery,Returning
ORD01949,2024-08-15,CUST0265,Pooja Yadav,Bhopal,Madhya Pradesh,Central,Books,Fiction Novel,5,648.83,0,3244.15,2012.21,1231.94,UPI,Returning
ORD01325,2023-09-26,CUST0299,Pooja Patel,Delhi,Delhi,North,electronics,Power Bank 10000mAh,4,2924.69,0.05,11113.82,8773.36,2340.46,Debit Card,New
ORD01423,2024-01-22,CUST0127,Ishaan Verma,Kolkata,West Bengal,East,books,Cook Book,2,149.82,0.2,239.71,186.69,53.02,Debit Card,New
ORD01613,2024-01-01,CUST0154,Pooja Mehta,Noida,Uttar Pradesh,North,books,Children Story Book,6,509.08,0.05,2901.76,1844.04,1057.72,Credit Card,New
ORD00881,2024-02-05,CUST0068,Arjun Singh,Mumbai,Maharashtra,West,ELECTRONICS,Laptop Stand,8,1550.46,0.15,10543.13,6983.8,3559.33,Debit Card,Returning
ORD01798,2024-07-28,CUST0525,Ananya Nair,Bengaluru,Karnataka,South,SPORTS,Yoga Mat,5,1983.67,0.25,7438.76,4827.62,2611.14,Credit Card,New
ORD00530,2024-07-16,CUST0137,Aadhya Singh,Bengaluru,Karnataka,South,sports,Football,1,2094.04,0.1,1884.64,1119.82,764.82,UPI,New
ORD00679,2023-06-01,CUST0177,Rahul Nair,Lucknow,Uttar Pradesh,North,Home & Kitchen,Storage Container Set,4,766.51,0,3066.04,2211.16,854.88,Debit Card,New
ORD01695,2024-08-26,CUST0259,Sai Yadav, Lucknow,Uttar Pradesh,North,Beauty,Sunscreen SPF50,1,766.61,0.2,613.29,424.09,189.2,Debit Card,New
ORD01240,2023-09-08,CUST0085,Priya Kapoor,Bhopal,Madhya Pradesh,Central,Electronics,USB-C Charger,6,2173.62,0,13041.72,9648.36,3393.36,Debit Card,New
ORD01414,2024-03-30,CUST0403,Aarav Reddy,Indore,Madhya Pradesh,Central, Grocery,Basmati Rice 5kg,8,889.51,0.25,5337.06,3652.85,1684.21,Credit Card,New
ORD00027,2023-06-01,CUST0282,Kavya Patel,Kolkata,West Bengal,East,books,Cook Book,5,398.54,0,1992.7,1491.09,501.61,UPI,New
ORD01773,2024-03-21,CUST0119,Reyansh Iyer,Pune,Maharashtra,West,Home & Kitchen,Storage Container Set,5,230.6,0,1153.0,726.53,426.47,Net Banking,Returning
ORD01944,2024-12-03,CUST0457,Karan Kapoor,Bengaluru,Karnataka,South,Electronics,Laptop Stand,7,1474.54,0.1,9289.6,6495.2,2794.4,Credit Card,Returning
ORD01372,2024-04-16,CUST0082,Kavya Reddy,Ahmedabad,Gujarat,West,books,Cook Book,5,615.19,0.05,2922.15,1921.08,1001.07,Net Banking,New
ORD00321,2023-02-10,CUST0196,Neha Verma,Lucknow,Uttar Pradesh,North,books,Fiction Novel,6,416.58,0.25,1874.61,1375.65,498.96,Credit Card,New
ORD00702,2023-05-30,CUST0115,Simran Nair,Bhubaneswar,Odisha,East,Cloths,Winter Jacket,3,1851.06,0.05,5275.52,3250.39,2025.13,Debit Card,New
ORD00859,2023-05-08,CUST0378,Reyansh Verma,Bhubaneswar,Odisha,East,clothing,Running Shoes,4,1636.74,0,6546.96,4855.14,1691.82,Cash on Delivery,New
ORD00320,2024-05-08,CUST0549,Reyansh Patel,Bhopal,Madhya Pradesh,Central,home & kitchen,LED Table Lamp,2,673.96,0.15,1145.73,653.2,492.53,Net Banking,Returning
ORD01075,2024-12-22,CUST0369,Kabir Nair,Chennai,Tamil Nadu,South,sports,Football,7,565.75,0,3960.25,2766.3,1193.95,Cash on Delivery,Returning
ORD01783,2023-08-01,CUST0014,Rahul Patel,Noida,Uttar Pradesh,North,Beauty,Sunscreen SPF50,4,356.79,0.05,1355.8,746.65,609.15,Credit Card,Returning
ORD00335,2024-03-11,CUST0491,Ananya Singh,Ahmedabad,Gujarat,West, Grocery,Basmati Rice 5kg,4,173.78,0.2,556.1,437.92,118.18,Credit Card,Returning
ORD00469,2024-11-11,CUST0172,Kabir Yadav,Mumbai,Maharashtra,West, Beauty,Face Wash,6,548.64,0.05,3127.25,2450.46,676.79,Net Banking,Returning
ORD01096,2023-02-21,CUST0153,Vivaan Reddy,Noida,Uttar Pradesh,North,Grocery,Cooking Oil 1L,8,422.26,0,3378.08,2063.75,1314.33,Credit Card,New
ORD00974,2024-02-18,CUST0227,Ananya Das,Indore,Madhya Pradesh,Central,Books,Children Story Book,6,205.22,0,1231.32,849.59,381.73,Net Banking,Returning
ORD00980,2023-08-29,CUST0540,Neha Singh,Hyderabad,Telangana,South,grocery,Almonds 500g,3,940.66,0.2,2257.58,1476.5,781.08,Debit Card,Returning
ORD01689,2023-12-19,CUST0350,Rahul Iyer,Indore,Madhya Pradesh,Central,Home & Kitchen,Ceramic Mug Set,6,1261.92,0.1,6814.37,5115.46,1698.91,Net Banking,New
ORD01806,2023-09-09,CUST0499,Diya Mehta,Pune,Maharashtra,West,home & kitchen,Steel Water Bottle,1,959.71,0.15,815.75,523.74,292.01,Net Banking,New
ORD01140,2024-05-05,CUST0532,Rohit Patel,Jaipur,Rajasthan,North,Cloths,Formal Shirt,7,928.92,0,6502.44,4972.97,1529.47,Credit Card,New
ORD00841,2024-08-02,CUST0424,Arjun Singh,Indore,Madhya Pradesh,Central,books,Self Help Book,7,181.82,0.15,1081.83,806.13,275.7,UPI,New
ORD01649,2023-02-04,CUST0209,Rohit Verma,Noida,Uttar Pradesh,North,Home and Kitchen,Non-Stick Pan,6,1330.61,0.05,7584.48,4881.99,2702.49,Cash on Delivery,Returning
ORD01734,2023-01-30,CUST0228,Reyansh Chauhan,Mumbai,Maharashtra,West,grocery,Almonds 500g,6,191.92,0.1,1036.37,727.42,308.95,Credit Card,Returning
ORD00897,2024-07-17,CUST0082,Kavya Reddy,Ahmedabad,Gujarat,West,books,Children Story Book,7,562.77,0.2,3151.51,1806.58,1344.93,Debit Card,Returning
ORD01582,2023-12-07,CUST0350,Rahul Iyer,Bhubaneswar,Odisha,East,Beauty,Hair Serum,2,221.52,0.05,420.89,295.02,125.87,Credit Card,New
ORD01516,2024-09-25,CUST0438,Kavya Reddy,Bhopal,Madhya Pradesh,Central, Electronics,Wireless Mouse,7,1243.64,0.25,6529.11,4254.89,2274.22,UPI,Returning
ORD01998,2024-04-04,CUST0529,Saanvi Verma,Jaipur,Rajasthan,North,beauty,Hair Serum,4,568.53,0,2274.12,1404.78,869.34,Debit Card,Returning
ORD01373,2023-11-27,CUST0507,Rahul Gupta,Lucknow,Uttar Pradesh,North,books,Cook Book,1,354.84,0,354.84,281.26,73.58,Net Banking,Returning
ORD01442,2023-08-13,CUST0380,Diya Iyer,Delhi,Delhi,North,home & kitchen,LED Table Lamp,7,763.59,0.05,5077.87,3221.99,1855.88,Cash on Delivery,Returning
ORD00733,2024-03-01,CUST0550,Reyansh Kumar,Chennai,Tamil Nadu,South,Clothing,Denim Jeans,5,516.94,0.15,2197.0,1733.93,463.07,UPI,Returning
ORD00939,2023-10-29,CUST0549,Reyansh Patel,Bengaluru,Karnataka,South,Books,Children Story Book,6,279.71,0.2,1342.61,884.57,458.04,UPI,New
ORD01767,2023-11-07,CUST0385,Aarav Kapoor,Indore,Madhya Pradesh,Central,SPORTS,Yoga Mat,7,1298.56,0.05,8635.42,4908.32,3727.1,Debit Card,Returning
ORD00666,2024-04-22,CUST0355,  Riya Patel  ,Bhubaneswar,Odisha,East,Beauty,Hair Serum,4,404.97,0,1619.88,970.24,649.64,Debit Card,New
ORD01825,2023-08-20,CUST0382,Vivaan Singh,Bhubaneswar,Odisha,East, Beauty,Sunscreen SPF50,3,617.49,0,1852.47,1329.0,523.47,Debit Card,New
ORD01120,2023-04-04,CUST0471,Riya Das,Mumbai,Maharashtra,West,Sports,Dumbbell Set 5kg,2,1957.33,0.05,3718.93,2399.76,1319.17,UPI,New
ORD00852,2023-09-05,CUST0170,Sai Reddy,Bhopal,Madhya Pradesh,Central,clothing,Denim Jeans,4,1439.97,0.2,4607.9,3048.32,1559.58,Credit Card,New
ORD00805,2024-12-05,CUST0321,Rohit Das,Patna,Bihar,East,beauty,Hair Serum,6,657.66,0.15,3354.07,2500.12,853.95,Cash on Delivery,New
ORD01352,2024-09-11,CUST0363,Saanvi Nair,Hyderabad,Telangana,South,ELECTRONICS,USB-C Charger,2,2267.08,0.15,3854.04,2982.25,871.79,Net Banking,Returning
ORD00032,2024-03-05,CUST0162,Priya Verma,Jaipur,Rajasthan,North,Home and Kitchen,LED Table Lamp,2,1347.34,0,2694.68,1936.11,758.57,Debit Card,Returning
ORD00705,2023-08-05,CUST0152,Karan Verma,Kolkata,West Bengal,East,ELECTRONICS,USB-C Charger,7,1586.83,0.15,9441.64,6712.66,2728.98,Cash on Delivery,Returning
ORD01625,2023-07-13,CUST0178,Arjun Singh,Lucknow,Uttar Pradesh,North,Clothing,Formal Shirt,6,1275.2,0.05,7268.64,5775.07,1493.57,UPI,New
ORD01253,2023-12-11,CUST0444,Ananya Kapoor,Indore,Madhya Pradesh,Central,Home and Kitchen,LED Table Lamp,5,946.28,0.2,3785.12,2706.29,1078.83,Debit Card,Returning
ORD01354,2023-11-15,CUST0320,Myra Yadav,Pune,Maharashtra,West,sports,Yoga Mat,4,1588.68,0,6354.72,3778.22,2576.5,Cash on Delivery,New
ORD00330,2024-04-09,CUST0054,Kabir Patel,Bhopal,Madhya Pradesh,Central,Sports,Cricket Bat,8,1383.28,0.05,10512.93,7678.13,2834.8,Cash on Delivery,Returning
ORD00423,2024-04-16,CUST0460,Sai Chauhan,Delhi,Delhi,North, Grocery,Green Tea Pack,7,447.51,0.15,2662.68,1824.6,838.08,Net Banking,Returning
ORD00173,2024-01-16,CUST0302,Simran Mehta,Chennai,Tamil Nadu,South,Grocery,Almonds 500g,2,524.0,0,1048.0,803.68,244.32,Net Banking,Returning
ORD01136,2023-06-14,CUST0212,Kabir Gupta,Bengaluru,Karnataka,South,Home & Kitchen,Non-Stick Pan,5,1390.01,0.15,5907.54,4152.59,1754.95,Debit Card,Returning
ORD01020,2024-07-04,CUST0297,Priya Patel,Bhopal,Madhya Pradesh,Central,Books,Fiction Novel,7,640.79,0,4485.53,2647.27,1838.26,UPI,Returning
ORD00804,2024-03-15,CUST0133,Karan Sharma,Hyderabad,Telangana,South,home & kitchen,LED Table Lamp,3,679.44,0,2038.32,1130.1,908.22,Debit Card,Returning
ORD00407,2024-02-04,CUST0369,Kabir Nair,Ahmedabad,Gujarat,West,Beauty,Hair Serum,2,632.65,0.05,1202.03,708.09,493.94,Net Banking,New
ORD00371,2024-03-22,CUST0078,Vihaan Gupta,Indore,Madhya Pradesh,Central, Grocery,Cooking Oil 1L,1,366.59,0.05,348.26,245.92,102.34,UPI,New
ORD00526,2024-12-29,CUST0356,Aadhya Iyer,Bhopal,Madhya Pradesh,Central,home & kitchen,Non-Stick Pan,2,826.67,0,1653.34,978.34,675.0,Debit Card,New
ORD01299,2023-02-12,CUST0392,Priya Yadav,Indore,Madhya Pradesh,Central,Sports,Cricket Bat,3,1553.5,0.2,3728.4,2380.85,1347.55,Debit Card,New
ORD01469,2024-01-04,CUST0042,Kabir Nair,Kolkata,West Bengal,East,grocery,Cooking Oil 1L,,932.97,0,,,,UPI,Returning
ORD01086,2023-10-20,CUST0261,Aarav Gupta,Delhi,Delhi,North,Sports,Cricket Bat,3,702.32,0.15,1790.92,1368.27,422.65,UPI,New
ORD01498,2024-05-20,CUST0007,  Priya Verma  ,Lucknow,Uttar Pradesh,North,home & kitchen,Steel Water Bottle,3,684.65,0.1,1848.55,1339.33,509.22,UPI,Returning
ORD00113,2023-12-05,CUST0474,  Aarav Nair  ,Noida,Uttar Pradesh,North,grocery,Cooking Oil 1L,7,455.02,0.05,3025.88,2004.32,1021.56,Net Banking,Returning
ORD01653,2024-07-16,CUST0163,Vivaan Patel,Bengaluru,Karnataka,South, Clothing ,Denim Jeans,6,975.03,0.1,5265.16,3275.68,1989.48,Net Banking,New
ORD01031,2024-05-10,CUST0067,Arjun Kumar,Ahmedabad,Gujarat,West,Sports,Football,1,1456.42,0,1456.42,1116.45,339.97,Net Banking,New
ORD00516,2024-03-17,CUST0087,Pooja Verma,Hyderabad,Telangana,South,Sports,Dumbbell Set 5kg,8,214.89,0.1,1547.21,938.42,608.79,Net Banking,Returning
ORD00633,2024-06-16,CUST0276,Aarav Patel,Noida,Uttar Pradesh,North, Grocery,Green Tea Pack,6,317.77,0.15,1620.63,984.89,635.74,Debit Card,New
ORD00669,2023-05-03,CUST0064,Reyansh Patel,Jaipur,Rajasthan,North,ELECTRONICS,Bluetooth Speaker,1,1197.2,0.15,1017.62,788.08,229.54,Credit Card,Returning
ORD00164,2024-12-13,CUST0234,Karan Reddy,Delhi,Delhi,North,Home and Kitchen,Ceramic Mug Set,6,549.25,0,3295.5,1967.36,1328.14,Credit Card,Returning
ORD00290,2024-08-14,CUST0363,Saanvi Nair,Pune,Maharashtra,West,Cloths,Men Cotton T-Shirt,7,1364.07,0.2,7638.79,4559.17,3079.62,UPI,Returning
ORD01521,2024-04-28,CUST0259,Sai Yadav,Bengaluru,Karnataka,South, Clothing ,Formal Shirt,5,1452.92,0,7264.6,4037.2,3227.4,Credit Card,New
ORD00119,2023-04-15,CUST0254,Vihaan Mehta,Lucknow,Uttar Pradesh,North,Grocery,Almonds 500g,2,494.16,0.05,938.9,565.66,373.24,Cash on Delivery,Returning
ORD01257,2024-05-23,CUST0518,Priya Gupta,Bengaluru,Karnataka,South,Electronics,Bluetooth Speaker,4,582.59,0,2330.36,1328.41,1001.95,Debit Card,New
ORD01909,2023-07-21,CUST0527,Diya Gupta,Noida,Uttar Pradesh,North,sports,Football,2,493.13,0,986.26,608.86,377.4,Credit Card,Returning
ORD01684,2023-03-30,CUST0377,Arjun Chauhan,Hyderabad,Telangana,South,books,Fiction Novel,6,593.41,0.25,2670.35,1535.43,1134.92,Net Banking,New
ORD00865,2024-04-21,CUST0444,Ananya Kapoor,Pune,Maharashtra,West,sports,Football,8,292.21,0.25,1753.26,993.99,759.27,Debit Card,New
ORD00312,2024-05-02,CUST0546,Neha Sharma,Noida,Uttar Pradesh,North, Beauty,Sunscreen SPF50,3,523.35,0.1,1413.05,1104.73,308.32,Net Banking,Returning
ORD00653,2024-03-01,CUST0156,Reyansh Singh,Pune,Maharashtra,West,books,Self Help Book,5,580.62,0,2903.1,1816.0,1087.1,Net Banking,New
ORD01600,2023-09-25,CUST0085,Priya Kapoor,Pune,Maharashtra,West,electronics,Webcam HD,8,576.1,0.15,3917.48,2564.8,1352.68,Debit Card,New
ORD00061,2023-03-17,CUST0325,Reyansh Iyer,Patna,Bihar,East, Electronics,Laptop Stand,6,645.5,0,3873.0,2873.55,999.45,Credit Card,Returning
ORD01834,2024-02-26,CUST0215,Ananya Gupta,Mumbai,Maharashtra,West, Grocery,Almonds 500g,4,684.75,0,2739.0,2107.38,631.62,UPI,New
ORD00651,2024-01-18,CUST0221,Priya Kumar, Hyderabad,Telangana,South,Books,Fiction Novel,1,564.32,0.2,451.46,337.62,113.84,UPI,New
ORD00562,2023-06-16,CUST0391,Pooja Chauhan,Lucknow,Uttar Pradesh,North, Grocery,Almonds 500g,2,994.83,0,1989.66,1138.9,850.76,UPI,Returning
ORD01152,2023-04-15,CUST0488,Rahul Nair,Patna,Bihar,East,books,Children Story Book,7,207.23,0,1450.61,1133.53,317.08,UPI,Returning
ORD00806,2023-09-13,CUST0482,Aadhya Singh,Bhopal,Madhya Pradesh,Central,ELECTRONICS,Webcam HD,7,2324.52,0,16271.64,11102.28,5169.36,Net Banking,Returning
ORD01069,2023-02-14,CUST0233,Vivaan Verma, Indore,Madhya Pradesh,Central,grocery,Basmati Rice 5kg,3,278.65,0,835.95,628.98,206.97,Cash on Delivery,Returning
ORD00862,2024-02-19,CUST0537,Vihaan Iyer,Bhopal,Madhya Pradesh,Central,Beauty,Hair Serum,3,742.87,0.15,1894.32,1440.6,453.72,UPI,Returning
ORD00120,2024-03-14,CUST0143,Ishaan Yadav,Ahmedabad,Gujarat,West,clothing,Men Cotton T-Shirt,5,1313.66,0.1,5911.47,3678.9,2232.57,Debit Card,New
ORD01842,2023-09-16,CUST0324,Riya Patel,Noida,Uttar Pradesh,North, Electronics,Wireless Mouse,3,1512.68,0.05,4311.14,2638.5,1672.64,Credit Card,Returning
ORD01103,2023-05-01,CUST0151,Simran Patel,Lucknow,Uttar Pradesh,North, Clothing ,Formal Shirt,6,1898.43,0.15,9681.99,5970.29,3711.7,Credit Card,New
ORD01280,2024-04-20,CUST0502,Kabir Singh,Bengaluru,Karnataka,South,Sports,Dumbbell Set 5kg,3,330.57,0.15,842.95,487.65,355.3,Debit Card,Returning
ORD00337,2024-10-04,CUST0341,Rohit Singh,Hyderabad,Telangana,South,ELECTRONICS,Laptop Stand,4,2425.77,0.15,8247.62,6053.26,2194.36,UPI,Returning
ORD01716,2024-03-07,CUST0014,Rahul Patel,Bhopal,Madhya Pradesh,Central,Electronics,Webcam HD,4,886.05,0.1,3189.78,2111.93,1077.85,Debit Card,New
ORD00612,2024-07-13,CUST0349,Sai Yadav,Delhi,Delhi,North,books,Self Help Book,8,424.47,0,3395.76,2548.17,847.59,Net Banking,Returning
ORD00851,2023-08-31,CUST0325,Reyansh Iyer,Ahmedabad,Gujarat,West,clothing,Winter Jacket,1,1921.6,0.1,1729.44,1301.21,428.23,UPI,New
ORD00531,2024-10-31,CUST0212,Kabir Gupta,Indore,Madhya Pradesh,Central,Beauty,Lipstick,7,223.51,0.2,1251.66,803.77,447.89,Net Banking,New
ORD00144,2024-10-23,CUST0132,  Aditya Chauhan  ,Pune,Maharashtra,West,grocery,Basmati Rice 5kg,8,144.57,0.2,925.25,698.95,226.3,Net Banking,Returning
ORD01363,2023-02-23,CUST0043,Karan Kapoor,Bengaluru,Karnataka,South,Beauty,Sunscreen SPF50,6,134.21,0,805.26,573.14,232.12,Net Banking,Returning
ORD01431,2023-09-07,CUST0446,Vihaan Yadav,Bengaluru,Karnataka,South,electronics,Wireless Mouse,6,1654.53,0.25,7445.39,5891.22,1554.17,UPI,Returning
ORD01587,2023-07-31,CUST0482,Aadhya Singh,Noida,Uttar Pradesh,North,beauty,Face Wash,3,195.82,0.1,528.71,419.61,109.1,Credit Card,Returning
ORD00446,2023-08-07,CUST0340,Myra Patel,Ahmedabad,Gujarat,West,books,Self Help Book,1,348.55,0,348.55,240.04,108.51,Credit Card,Returning
ORD00798,2024-11-01,CUST0258,Ishaan Kapoor,Lucknow,Uttar Pradesh,North,Grocery,Basmati Rice 5kg,8,408.8,0.2,2616.32,1491.27,1125.05,Net Banking,New
ORD00224,2023-08-24,CUST0166,Ishaan Gupta,Pune,Maharashtra,West, Clothing ,Denim Jeans,1,572.25,0,572.25,429.81,142.44,Credit Card,Returning
ORD01182,2024-09-11,CUST0528,Vivaan Kumar,Ahmedabad,Gujarat,West,Beauty,Lipstick,2,767.56,0,1535.12,997.24,537.88,Net Banking,New
ORD00125,2024-10-26,CUST0406,Aditya Patel,Patna,Bihar,East,Home and Kitchen,Storage Container Set,2,,0.25,,,,UPI,New
ORD01668,2023-11-14,CUST0318,Aarav Kumar, Kolkata,West Bengal,East, Clothing ,Winter Jacket,4,832.2,0.2,2663.04,1758.69,904.35,UPI,Returning
ORD01108,2024-05-29,CUST0066,Karan Nair,Bengaluru,Karnataka,South,Cloths,Women Kurti,6,784.44,0,4706.64,3262.51,1444.13,Cash on Delivery,Returning
ORD00734,2024-08-07,CUST0225,Pooja Iyer,Hyderabad,Telangana,South,clothing,Women Kurti,2,1518.36,0,3036.72,1859.82,1176.9,Debit Card,New
ORD01277,2024-01-15,CUST0266,Ishaan Kumar,Mumbai,Maharashtra,West,Home & Kitchen,Steel Water Bottle,3,815.54,0,2446.62,1930.99,515.63,Debit Card,Returning
ORD00905,2023-10-22,CUST0287,Vivaan Verma,Delhi,Delhi,North,Beauty,Sunscreen SPF50,2,568.19,0.05,1079.56,715.03,364.53,Debit Card,Returning
ORD00447,2024-01-04,CUST0031,Vihaan Reddy,Noida,Uttar Pradesh,North,Cloths,Women Kurti,5,1521.02,0.05,7224.85,4296.15,2928.7,UPI,New
ORD01128,2023-07-09,CUST0001,Karan Verma,Ahmedabad,Gujarat,West,Clothing,Denim Jeans,3,1432.33,0.25,3222.74,1849.93,1372.81,UPI,New
ORD01529,2023-07-27,CUST0516,Sai Kumar,Lucknow,Uttar Pradesh,North,Clothing,Running Shoes,2,1568.89,0.2,2510.22,1761.17,749.05,Net Banking,Returning
ORD01382,2023-01-19,CUST0445,  Simran Das  ,Chennai,Tamil Nadu,South,grocery,Cooking Oil 1L,7,222.95,0,1560.65,1186.82,373.83,Net Banking,New
ORD01604,2023-09-04,CUST0503,Vihaan Chauhan,Bengaluru,Karnataka,South,Books,Cook Book,5,431.79,0.2,1727.16,1278.35,448.81,Credit Card,Returning
ORD00694,2023-12-27,CUST0426,Simran Verma,Ahmedabad,Gujarat,West,ELECTRONICS,Webcam HD,4,1312.27,0.2,4199.26,2946.96,1252.3,UPI,New
ORD01738,2024-03-01,CUST0290,Diya Reddy, Hyderabad,Telangana,South, Beauty,Moisturizer Cream,-1,213.86,0,,,,Debit Card,Returning
ORD00409,2024-07-29,CUST0265,Pooja Yadav,Jaipur,Rajasthan,North,grocery,Basmati Rice 5kg,5,905.69,0,4528.45,3290.38,1238.07,Net Banking,Returning
ORD00347,2024-04-01,CUST0090,Karan Mehta, Hyderabad,Telangana,South,Beauty,Sunscreen SPF50,1,825.76,0,825.76,601.97,223.79,Net Banking,Returning
ORD00500,2024-10-27,CUST0456,Myra Mehta,Jaipur,Rajasthan,North,Electronics,Wireless Mouse,8,2030.81,0.05,15434.16,8577.64,6856.52,Cash on Delivery,Returning
ORD01968,2023-03-17,CUST0512,Aadhya Das,Kolkata,West Bengal,East,Grocery,Basmati Rice 5kg,7,273.08,0.15,1624.83,1127.71,497.12,Credit Card,Returning
ORD01307,2023-05-13,CUST0224,Vihaan Verma,Bhubaneswar,Odisha,East,SPORTS,Football,-3,947.8,0.05,,,,Debit Card,Returning
ORD01462,2024-12-18,CUST0444,Ananya Kapoor,Chennai,Tamil Nadu,South,Home and Kitchen,Ceramic Mug Set,6,1210.79,0,7264.74,5542.52,1722.22,Credit Card,Returning
ORD00175,2023-06-22,CUST0163,Vivaan Patel,Chennai,Tamil Nadu,South,Grocery,Cooking Oil 1L,7,462.05,0.2,2587.48,1426.13,1161.35,Cash on Delivery,New
ORD00001,2024-11-07,CUST0246,Isha Das,Delhi,Delhi,North,Sports,Cricket Bat,-2,1784.55,0,,,,Credit Card,Returning
ORD00979,2023-02-06,CUST0182,  Vivaan Chauhan  ,Chennai,Tamil Nadu,South, Beauty,Hair Serum,2,655.86,0,1311.72,919.87,391.85,Credit Card,Returning
ORD01703,2023-11-01,CUST0279,Aditya Yadav,Pune,Maharashtra,West,beauty,Hair Serum,3,625.84,0,1877.52,1440.27,437.25,Debit Card,Returning
ORD01215,2023-10-05,CUST0542,Riya Nair,Ahmedabad,Gujarat,West,Sports,Skipping Rope,4,2330.1,0,9320.4,6101.11,3219.29,Net Banking,Returning
ORD01519,2024-05-19,CUST0118,Neha Reddy,Pune,Maharashtra,West,Home & Kitchen,Non-Stick Pan,7,1120.49,0.2,6274.74,3465.09,2809.65,Cash on Delivery,New
ORD00077,2023-10-22,CUST0061,Kabir Verma,Bhopal,Madhya Pradesh,Central,Grocery,Cooking Oil 1L,1,920.91,0,920.91,721.52,199.39,UPI,Returning
ORD00137,2024-01-13,CUST0312,Myra Patel,Bhubaneswar,Odisha,East,Sports,Dumbbell Set 5kg,8,2493.91,0.05,18953.72,11137.99,7815.73,Net Banking,New
ORD01612,2023-11-02,CUST0325,Reyansh Iyer,Ahmedabad,Gujarat,West,Beauty,Moisturizer Cream,1,730.01,0,730.01,505.71,224.3,Debit Card,New
ORD00195,2024-07-29,CUST0428,Riya Chauhan,Patna,Bihar,East,books,Cook Book,2,162.9,0,325.8,195.47,130.33,Credit Card,Returning
ORD00401,2024-13-40,CUST0405,Simran Sharma,Pune,Maharashtra,West,electronics,Power Bank 10000mAh,7,2644.71,0.25,13884.73,8687.68,5197.05,Cash on Delivery,Returning
ORD01297,2023-05-23,CUST0108,Vivaan Singh,Lucknow,Uttar Pradesh,North,Clothing,Running Shoes,8,1858.45,0,14867.6,9147.02,5720.58,Cash on Delivery,New
ORD00367,2024-03-17,CUST0399,Kavya Chauhan,Chennai,Tamil Nadu,South,Grocery,Almonds 500g,8,527.32,0,4218.56,2732.98,1485.58,Net Banking,Returning
ORD00956,2024-01-29,CUST0165,Aarav Verma,Kolkata,West Bengal,East,Books,Children Story Book,,664.12,0.1,,,,UPI,New
ORD01511,2023-10-02,CUST0439,Rahul Singh,Hyderabad,Telangana,South, Beauty,Moisturizer Cream,-1,104.17,0.15,,,,Credit Card,New
ORD00053,2024-07-10,CUST0038,Simran Singh,Ahmedabad,Gujarat,West,Books,Children Story Book,1,625.19,0,625.19,468.79,156.4,Net Banking,Returning
ORD01673,2024-12-05,CUST0351,Riya Sharma,Pune,Maharashtra,West, Clothing ,Winter Jacket,1,1467.15,0.05,1393.79,959.14,434.65,Cash on Delivery,New
ORD01428,2023-08-10,CUST0332,Aditya Kapoor,Mumbai,Maharashtra,West,Cloths,Denim Jeans,4,1712.96,0.1,6166.66,4593.37,1573.29,Debit Card,Returning
ORD01885,2024-05-23,CUST0226,Arjun Kumar,Hyderabad,Telangana,South, Beauty,Sunscreen SPF50,3,651.37,0.25,1465.58,1078.57,387.01,Credit Card,Returning
ORD01302,2023-07-07,CUST0009,Vivaan Sharma,Ahmedabad,Gujarat,West,electronics,USB-C Charger,7,752.61,0.1,4741.44,3137.91,1603.53,Cash on Delivery,Returning
ORD00673,2023-07-02,CUST0324,Riya Patel,Bengaluru,Karnataka,South,clothing,Denim Jeans,3,1963.77,0.25,4418.48,2722.39,1696.09,Net Banking,Returning
ORD00925,2023-10-03,CUST0330,Simran Patel,Jaipur,Rajasthan,North,Books,Children Story Book,3,580.83,0,1742.49,1199.07,543.42,UPI,Returning
ORD01675,2023-03-03,CUST0114,Arjun Gupta,Delhi,Delhi,North,Beauty,Hair Serum,7,,0.25,,,,Net Banking,Returning
ORD01383,2024-12-24,CUST0521,Ananya Chauhan,Patna,Bihar,East,Home and Kitchen,Ceramic Mug Set,5,1428.62,0.1,6428.79,4457.85,1970.94,Debit Card,Returning
ORD01698,2023-11-15,CUST0543,Ananya Kapoor,Ahmedabad,Gujarat,West,ELECTRONICS,Bluetooth Speaker,7,2351.36,0,16459.52,10555.34,5904.18,UPI,Returning
ORD01623,2024-09-29,CUST0060,Diya Reddy,Ahmedabad,Gujarat,West,SPORTS,Football,2,2307.35,0.2,3691.76,2335.31,1356.45,Cash on Delivery,New
ORD00349,2023-03-30,CUST0311,Arjun Singh,Chennai,Tamil Nadu,South, Grocery,Green Tea Pack,7,178.6,0.1,1125.18,735.45,389.73,Cash on Delivery,Returning
ORD01700,2023-11-30,CUST0425,Arjun Nair,Bhopal,Madhya Pradesh,Central,clothing,Running Shoes,8,570.12,0.25,3420.72,2054.98,1365.74,UPI,Returning
ORD00970,2024-05-20,CUST0040,Ishaan Kapoor,Ahmedabad,Gujarat,West,books,Fiction Novel,3,524.29,0.15,1336.94,752.65,584.29,Debit Card,New
ORD00393,2024-06-22,CUST0185,Saanvi Iyer,Bengaluru,Karnataka,South,electronics,Laptop Stand,6,369.1,0,2214.6,1436.26,778.34,Cash on Delivery,New
ORD00395,2024-10-21,CUST0057,Diya Kapoor,Bhubaneswar,Odisha,East, Electronics,Wireless Mouse,3,947.22,0.2,2273.33,1301.02,972.31,Credit Card,New
ORD00283,,CUST0285,Kabir Gupta,Kolkata,West Bengal,East,Books,Fiction Novel,1,508.3,0,508.3,364.32,143.98,Cash on Delivery,Returning
ORD00235,2023-07-04,CUST0235,Kabir Sharma,Indore,Madhya Pradesh,Central,ELECTRONICS,Bluetooth Speaker,7,828.37,0,5798.59,3874.89,1923.7,UPI,New
ORD01237,2024-02-17,CUST0114,Arjun Gupta,Kolkata,West Bengal,East,Electronics,Webcam HD,2,626.56,0,1253.12,696.47,556.65,UPI,Returning
ORD00997,2023-08-04,CUST0096,Sai Iyer,Mumbai,Maharashtra,West,Grocery,Cooking Oil 1L,6,696.61,0.05,3970.68,2658.34,1312.34,Cash on Delivery,New
ORD01358,2024-12-10,CUST0289,Isha Chauhan,Indore,Madhya Pradesh,Central,Clothing,Men Cotton T-Shirt,3,1677.29,0,5031.87,3189.31,1842.56,Debit Card,Returning
ORD00456,2024-02-18,CUST0013,Priya Singh,Chennai,Tamil Nadu,South,Books,Cook Book,4,409.94,0.25,1229.82,898.54,331.28,Net Banking,Returning
ORD01281,2024-01-19,CUST0107,Ananya Singh,Indore,Madhya Pradesh,Central, Beauty,Face Wash,3,248.74,0.2,596.98,476.82,120.16,Cash on Delivery,New
ORD01015,2023-03-11,CUST0277,Reyansh Reddy,Kolkata,West Bengal,East,ELECTRONICS,Bluetooth Speaker,2,1154.0,0.1,2077.2,1459.52,617.68,Cash on Delivery,New
ORD01133,2024-04-20,CUST0317,Priya Kapoor,Hyderabad,Telangana,South,books,Cook Book,8,475.2,0,3801.6,2489.85,1311.75,Credit Card,Returning
ORD00292,2023-01-26,CUST0513,Ananya Verma,Delhi,Delhi,North,Cloths,Winter Jacket,5,1617.41,0,8087.05,6110.05,1977.0,Cash on Delivery,New
ORD01720,2024-09-26,CUST0148,Isha Reddy,Bhubaneswar,Odisha,East,Books,Cook Book,6,595.28,0.05,3393.1,2393.81,999.29,Debit Card,New
ORD00256,2024-11-02,CUST0082,Kavya Reddy,Chennai,Tamil Nadu,South, Grocery,Basmati Rice 5kg,7,838.82,0,5871.74,4438.51,1433.23,Debit Card,New
ORD01303,2023-07-04,CUST0093,Riya Sharma,Indore,Madhya Pradesh,Central,clothing,Women Kurti,2,787.7,0,1575.4,1176.85,398.55,Cash on Delivery,Returning
ORD00148,2023-06-27,CUST0326,Saanvi Yadav,Ahmedabad,Gujarat,West,books,Fiction Novel,6,670.16,0.05,3819.91,2899.98,919.93,Net Banking,Returning
ORD01068,,CUST0068,Arjun Singh,Mumbai,Maharashtra,West,grocery,Basmati Rice 5kg,6,976.25,0.25,4393.12,3389.19,1003.93,UPI,New
ORD01881,2024-06-09,CUST0526,Saanvi Nair,Pune,Maharashtra,West,ELECTRONICS,USB-C Charger,6,1485.41,0.1,8021.21,5838.12,2183.09,Net Banking,New
ORD00399,2024-06-09,CUST0436,Aarav Kumar,Bengaluru,Karnataka,South, Electronics,Power Bank 10000mAh,5,1258.74,0,6293.7,3640.8,2652.9,Net Banking,New
ORD00257,2023-03-21,CUST0532,Rohit Patel,Pune,Maharashtra,West,electronics,Webcam HD,4,1719.72,0,6878.88,4743.72,2135.16,Cash on Delivery,Returning
ORD00350,2023-05-21,CUST0391,Pooja Chauhan,Lucknow,Uttar Pradesh,North,sports,Yoga Mat,5,2118.55,0.25,7944.56,4815.44,3129.12,UPI,New
ORD01848,2024-01-26,CUST0301,Myra Verma,Delhi,Delhi,North,grocery,Almonds 500g,3,483.73,0.15,1233.51,735.84,497.67,Credit Card,Returning
ORD00902,2023-03-15,CUST0137,Aadhya Singh,Noida,Uttar Pradesh,North,Home & Kitchen,Steel Water Bottle,-1,1131.41,0,,,,Net Banking,New
ORD01694,2024-01-02,CUST0430,Isha Gupta,Delhi,Delhi,North,Clothing,Winter Jacket,3,787.61,0.05,2244.69,1618.65,626.04,Credit Card,New
ORD01407,2024-06-06,CUST0400,Sai Kapoor,Delhi,Delhi,North, Beauty,Moisturizer Cream,8,427.82,0,3422.56,2703.38,719.18,Net Banking,Returning
ORD01775,2024-02-04,CUST0480,Rahul Kumar,Delhi,Delhi,North, Electronics,Bluetooth Speaker,7,1366.23,0,9563.61,5714.88,3848.73,Cash on Delivery,Returning
ORD00427,2023-11-02,CUST0328,Simran Verma,Delhi,Delhi,North,beauty,Lipstick,2,140.5,0.05,266.95,179.72,87.23,Cash on Delivery,Returning
ORD00291,2023-02-02,CUST0089,Kabir Yadav,Chennai,Tamil Nadu,South,Cloths,Winter Jacket,5,666.44,0,3332.2,2144.45,1187.75,UPI,New
ORD01722,2023-04-11,CUST0253,Ishaan Patel,Mumbai,Maharashtra,West,Beauty,Lipstick,4,139.38,0.2,446.02,279.9,166.12,Credit Card,New
ORD01637,2024-09-20,CUST0244,Arjun Iyer,Pune,Maharashtra,West, Clothing ,Formal Shirt,7,1399.16,0,9794.12,7451.72,2342.4,UPI,New
ORD00836,2024-12-18,CUST0119,Reyansh Iyer,Pune,Maharashtra,West,clothing,Women Kurti,1,1043.77,0.2,835.02,463.55,371.47,Cash on Delivery,Returning
ORD01769,2023-08-07,CUST0539,Neha Yadav,Bhubaneswar,Odisha,East,beauty,Face Wash,2,609.46,0.05,1157.97,876.72,281.25,Credit Card,New
ORD00394,2023-03-25,CUST0492,Kavya Chauhan,Chennai,Tamil Nadu,South,books,Fiction Novel,1,509.9,0.15,433.41,341.03,92.38,Cash on Delivery,New
ORD00166,2024-01-05,CUST0281,Karan Iyer,Jaipur,Rajasthan,North,grocery,Almonds 500g,2,712.06,0.25,1068.09,746.07,322.02,Credit Card,Returning
ORD01878,2023-04-26,CUST0118,Neha Reddy,Bhopal,Madhya Pradesh,Central,sports,Yoga Mat,5,1393.57,0.05,6619.46,4349.59,2269.87,Cash on Delivery,New
ORD00294,2023-08-03,CUST0198,Rohit Das,Lucknow,Uttar Pradesh,North,Home and Kitchen,LED Table Lamp,2,553.45,0,1106.9,613.02,493.88,Cash on Delivery,New
ORD00422,,CUST0358,Riya Das,Pune,Maharashtra,West,Grocery,Almonds 500g,5,608.19,0.2,2432.76,1627.05,805.71,Cash on Delivery,New
ORD01758,2023-10-14,CUST0239,Pooja Nair,Patna,Bihar,East,books,Cook Book,6,354.71,0,2128.26,1425.96,702.3,UPI,New
ORD00782,2024-04-08,CUST0398,Simran Patel,Chennai,Tamil Nadu,South,home & kitchen,LED Table Lamp,3,1139.3,0.05,3247.0,2364.29,882.71,Cash on Delivery,New
ORD00913,2024-01-01,CUST0169,Kavya Sharma,Mumbai,Maharashtra,West,Books,Fiction Novel,4,243.64,0,974.56,714.46,260.1,Credit Card,New
ORD00406,2024-04-04,CUST0022,Kabir Gupta,Delhi,Delhi,North,Home and Kitchen,Storage Container Set,8,500.73,0.15,3404.96,2657.35,747.61,Net Banking,New
ORD00738,2024-06-15,CUST0375,Arjun Singh,Bengaluru,Karnataka,South,Books,Self Help Book,8,605.54,0.1,4359.89,2535.6,1824.29,Debit Card,Returning
ORD00844,2024-04-26,CUST0396,Saanvi Sharma,Ahmedabad,Gujarat,West, Grocery,Cooking Oil 1L,2,721.28,0,1442.56,884.14,558.42,Debit Card,Returning
ORD01301,2024-02-19,CUST0019,Aarav Yadav,Bhubaneswar,Odisha,East,sports,Dumbbell Set 5kg,3,1032.55,0.15,2633.0,1933.36,699.64,UPI,Returning
ORD00950,2024-07-11,CUST0445,Simran Das,Patna,Bihar,East,Home & Kitchen,Steel Water Bottle,7,647.13,0.05,4303.41,2382.94,1920.47,Net Banking,Returning
ORD00945,2024-09-30,CUST0431,Neha Das,Ahmedabad,Gujarat,West,SPORTS,Dumbbell Set 5kg,5,2108.65,0.25,7907.44,4526.33,3381.11,Cash on Delivery,Returning
ORD01053,2023-04-26,CUST0512,Aadhya Das,Mumbai,Maharashtra,West,Beauty,Hair Serum,3,512.66,0,1537.98,1119.53,418.45,Cash on Delivery,New
ORD01551,2023-04-21,CUST0205,Karan Kumar,Noida,Uttar Pradesh,North,beauty,Sunscreen SPF50,3,775.68,0.25,1745.28,1123.33,621.95,Net Banking,New
ORD00955,2024-03-29,CUST0401,Riya Gupta,Delhi,Delhi,North, Electronics,Bluetooth Speaker,7,2111.76,0.15,12564.97,6971.87,5593.1,UPI,Returning
ORD01455,2023-07-22,CUST0063,Rahul Mehta,Bhubaneswar,Odisha,East, Beauty,Face Wash,2,263.33,0,526.66,300.17,226.49,Net Banking,New
ORD00080,2023-03-30,CUST0098,Karan Kumar,Delhi,Delhi,North, Clothing ,Denim Jeans,1,742.33,0.1,668.1,526.8,141.3,Debit Card,New
ORD00650,2024-01-24,CUST0342,Rahul Chauhan,Bhopal,Madhya Pradesh,Central,Home and Kitchen,Non-Stick Pan,4,669.73,0,2678.92,2034.74,644.18,Net Banking,New
ORD00959,2024-07-12,CUST0271,Saanvi Singh,Kolkata,West Bengal,East,electronics,Webcam HD,3,2632.13,0,7896.39,6263.97,1632.42,UPI,Returning
ORD01808,2024-07-31,CUST0096,Sai Iyer,Patna,Bihar,East, Clothing ,Formal Shirt,1,1731.66,0.25,1298.75,952.94,345.81,UPI,New
ORD00542,2024-12-13,CUST0387,Saanvi Sharma,Bhubaneswar,Odisha,East, Electronics,USB-C Charger,2,2088.42,0,4176.84,2328.78,1848.06,Debit Card,New
ORD01823,2023-09-01,CUST0277,  Reyansh Reddy  ,Pune,Maharashtra,West,grocery,Basmati Rice 5kg,2,978.39,0.1,1761.1,1213.47,547.63,Cash on Delivery,Returning
ORD01345,2024-12-27,CUST0057,Diya Kapoor,Hyderabad,Telangana,South,clothing,Denim Jeans,1,1268.39,0.2,1014.71,666.69,348.02,UPI,Returning
ORD01206,2023-06-01,CUST0436,Aarav Kumar,Bhopal,Madhya Pradesh,Central, Beauty,Moisturizer Cream,6,170.54,0.15,869.75,640.25,229.5,Cash on Delivery,New
ORD01634,2024-10-08,CUST0410,Kavya Mehta,Mumbai,Maharashtra,West,grocery,Basmati Rice 5kg,1,255.15,0,255.15,157.05,98.1,Net Banking,Returning
ORD01390,2023-01-04,CUST0456,Myra Mehta,Delhi,Delhi,North, Clothing ,Men Cotton T-Shirt,1,1274.68,0,1274.68,823.5,451.18,Credit Card,New
ORD00601,2023-09-06,CUST0383,Myra Reddy,Delhi,Delhi,North,SPORTS,Skipping Rope,1,1936.27,0.2,1549.02,1111.45,437.57,Net Banking,Returning
ORD01506,2024-06-01,CUST0044,Isha Gupta,Kolkata,West Bengal,East,Books,Fiction Novel,6,358.79,0.25,1614.56,1227.39,387.17,Net Banking,Returning
ORD01971,2024-09-16,CUST0316,Ananya Reddy,Hyderabad,Telangana,South,ELECTRONICS,USB-C Charger,4,1413.29,0,5653.16,4180.71,1472.45,Debit Card,New
ORD01477,2024-06-28,CUST0189,Sai Verma,Noida,Uttar Pradesh,North,Books,Children Story Book,5,430.76,0.1,1938.42,1104.91,833.51,Credit Card,Returning
ORD00901,2024-09-11,CUST0118,Neha Reddy,Bengaluru,Karnataka,South,Sports,Football,3,2072.23,0.05,5905.86,3443.78,2462.08,UPI,New
ORD00835,2023-03-20,CUST0498,Pooja Iyer,Noida,Uttar Pradesh,North, Electronics,Power Bank 10000mAh,3,2384.65,0,7153.95,4334.26,2819.69,Cash on Delivery,Returning
ORD01948,2023-07-12,CUST0528,Vivaan Kumar,Lucknow,Uttar Pradesh,North,home & kitchen,Non-Stick Pan,4,573.6,0,2294.4,1334.7,959.7,UPI,New
ORD00626,2023-03-29,CUST0303,Neha Mehta,Jaipur,Rajasthan,North,sports,Yoga Mat,6,817.12,0,4902.72,2848.86,2053.86,Cash on Delivery,Returning
ORD01543,2024-04-16,CUST0538,Myra Das,Chennai,Tamil Nadu,South,ELECTRONICS,Bluetooth Speaker,7,2381.92,0.05,15839.77,11313.11,4526.66,Debit Card,Returning
ORD00630,2024-03-30,CUST0080,Simran Reddy,Noida,Uttar Pradesh,North,Cloths,Running Shoes,7,420.37,0.1,2648.33,1551.31,1097.02,Debit Card,Returning
ORD01168,2024-03-22,CUST0184,Vivaan Das,Pune,Maharashtra,West,clothing,Men Cotton T-Shirt,2,376.3,0.1,677.34,462.61,214.73,UPI,Returning
ORD01256,2023-06-14,CUST0380,  Diya Iyer  ,Lucknow,Uttar Pradesh,North,Cloths,Men Cotton T-Shirt,3,719.13,0.2,1725.91,971.24,754.67,Cash on Delivery,Returning
ORD00518,2024-03-07,CUST0033,Ananya Kapoor,Delhi,Delhi,North,Books,Cook Book,5,214.34,0.25,803.78,602.8,200.98,Credit Card,Returning
ORD00073,2024-05-04,CUST0322,Karan Mehta,Delhi,Delhi,North, Beauty,Lipstick,5,587.06,0.05,2788.53,1728.2,1060.33,Debit Card,New
ORD00538,2024-05-26,CUST0272,Reyansh Kapoor,Ahmedabad,Gujarat,West,Books,Fiction Novel,3,576.78,0,1730.34,1120.65,609.69,Net Banking,New
ORD01537,2023-12-15,CUST0066,Karan Nair,Patna,Bihar,East,sports,Yoga Mat,3,1513.73,0.2,3632.95,2598.98,1033.97,Cash on Delivery,Returning
ORD00002,2024-04-09,CUST0240,Priya Chauhan,Bhopal,Madhya Pradesh,Central,Home and Kitchen,Steel Water Bottle,4,751.68,0,3006.72,2336.53,670.19,Credit Card,New
ORD01967,2024-07-26,CUST0231,Kabir Iyer,Ahmedabad,Gujarat,West,beauty,Hair Serum,7,680.29,0.15,4047.73,2973.17,1074.56,Cash on Delivery,Returning
ORD00154,2024-08-14,CUST0231,Kabir Iyer,Delhi,Delhi,North,Beauty,Face Wash,6,307.9,0.15,1570.29,930.44,639.85,Net Banking,New
ORD01652,2024-11-30,CUST0514,Reyansh Kumar,Jaipur,Rajasthan,North,Books,Self Help Book,6,682.42,0.05,3889.79,2681.12,1208.67,UPI,Returning
ORD00286,2024-12-24,CUST0325,Reyansh Iyer,Lucknow,Uttar Pradesh,North,SPORTS,Skipping Rope,3,1611.87,0.25,3626.71,2441.23,1185.48,Credit Card,New
ORD01035,2024-09-02,CUST0405,Simran Sharma,Noida,Uttar Pradesh,North,beauty,Moisturizer Cream,3,179.01,0.15,456.48,293.56,162.92,UPI,Returning
ORD00198,2024-10-25,CUST0202,Diya Singh,Ahmedabad,Gujarat,West,Books,Children Story Book,2,251.84,0,503.68,324.52,179.16,Net Banking,Returning
ORD00998,2023-01-06,CUST0482,Aadhya Singh,Pune,Maharashtra,West, Clothing ,Men Cotton T-Shirt,2,545.81,0,1091.62,800.09,291.53,UPI,New
ORD00267,2023-08-28,CUST0383,Myra Reddy,Delhi,Delhi,North, Grocery,Basmati Rice 5kg,1,317.74,0,317.74,243.77,73.97,Debit Card,New
ORD00486,2024-11-29,CUST0323,  Riya Nair  ,Indore,Madhya Pradesh,Central,Cloths,Formal Shirt,1,1957.02,0,1957.02,1077.87,879.15,Net Banking,New
ORD01244,2024-01-03,CUST0198,Rohit Das,Bengaluru,Karnataka,South,Home & Kitchen,Storage Container Set,8,221.62,0,1772.96,1249.83,523.13,Cash on Delivery,New
ORD01164,2023-04-20,CUST0042,Kabir Nair,Mumbai,Maharashtra,West,Home and Kitchen,Steel Water Bottle,4,1114.68,0,4458.72,2649.35,1809.37,Credit Card,New
ORD00499,2024-06-11,CUST0445,Simran Das,Delhi,Delhi,North,books,Self Help Book,4,367.15,0,1468.6,1047.4,421.2,Net Banking,New
ORD00150,2023-05-26,CUST0539,Neha Yadav,Indore,Madhya Pradesh,Central,Home & Kitchen,LED Table Lamp,7,960.82,0.15,5716.88,3339.3,2377.58,Credit Card,Returning
ORD01322,2023-01-23,CUST0310,Ananya Iyer,Kolkata,West Bengal,East,clothing,Men Cotton T-Shirt,1,745.01,0.2,596.01,441.79,154.22,UPI,Returning
ORD01099,2023-02-11,CUST0163,Vivaan Patel,Kolkata,West Bengal,East,Books,Fiction Novel,1,294.02,0.1,264.62,149.97,114.65,Net Banking,Returning
ORD00070,2023-05-24,CUST0327,Pooja Gupta,Delhi,Delhi,North, Beauty,Lipstick,8,665.99,0,5327.92,3421.0,1906.92,UPI,Returning
ORD00735,2024-12-28,CUST0533,Simran Sharma,Hyderabad,Telangana,South,sports,Cricket Bat,6,1719.76,0,10318.56,7604.61,2713.95,Net Banking,New
ORD01644,2024-12-27,CUST0163,Vivaan Patel,Bhopal,Madhya Pradesh,Central,SPORTS,Skipping Rope,8,2419.35,0,19354.8,14060.07,5294.73,Debit Card,Returning
ORD01580,2023-06-20,CUST0117,Kabir Iyer,Ahmedabad,Gujarat,West,Clothing,Winter Jacket,8,890.7,0,7125.6,4123.8,3001.8,Credit Card,New
ORD00273,2024-09-11,CUST0135,Vivaan Kapoor,Noida,Uttar Pradesh,North,Books,Self Help Book,5,527.69,0,2638.45,1734.82,903.63,Credit Card,New
ORD01553,2023-01-21,CUST0241,Myra Iyer,Bhopal,Madhya Pradesh,Central,SPORTS,Football,7,1911.88,0.1,12044.84,7635.18,4409.66,Debit Card,New
ORD00659,2024-03-21,CUST0278,Diya Kumar,Hyderabad,Telangana,South,Home and Kitchen,LED Table Lamp,3,382.97,0.05,1091.46,819.36,272.1,Debit Card,Returning
ORD01370,,CUST0452,Karan Mehta,Noida,Uttar Pradesh,North,Books,Cook Book,2,322.82,0.25,484.23,335.58,148.65,Debit Card,New
ORD00234,2023-04-14,CUST0266,Ishaan Kumar,Delhi,Delhi,North,sports,Cricket Bat,6,1040.63,0.05,5931.59,3883.85,2047.74,Debit Card,Returning
ORD00815,2023-08-02,CUST0504,Reyansh Mehta,Mumbai,Maharashtra,West,Home and Kitchen,Non-Stick Pan,6,860.89,0.2,4132.27,2492.56,1639.71,Cash on Delivery,New
ORD00778,2023-02-28,CUST0067,  Arjun Kumar  , Bengaluru,Karnataka,South,SPORTS,Yoga Mat,3,1864.38,0,5593.14,3276.86,2316.28,UPI,New
ORD00587,2023-12-08,CUST0280,Kabir Mehta,Jaipur,Rajasthan,North,Electronics,Power Bank 10000mAh,7,822.62,0,5758.34,4022.27,1736.07,Cash on Delivery,Returning
ORD00410,2023-04-19,CUST0105,Saanvi Sharma,Indore,Madhya Pradesh,Central,Sports,Skipping Rope,2,2202.0,0,4404.0,3224.11,1179.89,Net Banking,Returning
ORD01666,2023-08-31,CUST0435,Vihaan Das,Chennai,Tamil Nadu,South, Beauty,Moisturizer Cream,4,731.47,0.05,2779.59,1784.51,995.08,Debit Card,Returning
ORD00333,2023-12-18,CUST0303,Neha Mehta,Kolkata,West Bengal,East,clothing,Running Shoes,4,446.01,0.25,1338.03,1024.33,313.7,Credit Card,Returning
ORD00323,2024-11-14,CUST0550,Reyansh Kumar,Delhi,Delhi,North,Books,Fiction Novel,3,417.89,0,1253.67,765.58,488.09,Credit Card,New
ORD01855,2024-07-01,CUST0449,Priya Reddy,Mumbai,Maharashtra,West, Electronics,Bluetooth Speaker,5,2837.05,0.1,12766.73,10082.16,2684.57,Net Banking,Returning
ORD00534,2023-01-14,CUST0010,Aditya Singh,Ahmedabad,Gujarat,West,ELECTRONICS,Power Bank 10000mAh,3,1596.15,0.25,3591.34,2707.39,883.95,Debit Card,Returning
ORD01501,2023-06-05,CUST0051,Priya Chauhan,Bhopal,Madhya Pradesh,Central,books,Children Story Book,5,574.28,0.05,2727.83,1639.83,1088.0,Credit Card,Returning
ORD01058,2024-10-24,CUST0380,Diya Iyer,Lucknow,Uttar Pradesh,North,Grocery,Basmati Rice 5kg,4,,0.25,,,,Cash on Delivery,Returning
ORD00387,2023-05-30,CUST0269,Kavya Kapoor,Noida,Uttar Pradesh,North,sports,Cricket Bat,8,396.2,0.15,2694.16,2138.08,556.08,Net Banking,New
ORD00549,2023-01-25,CUST0392,Priya Yadav,Chennai,Tamil Nadu,South,Sports,Football,8,380.13,0.05,2888.99,2227.7,661.29,Credit Card,New
ORD01812,2023-05-26,CUST0435,Vihaan Das,Bhopal,Madhya Pradesh,Central,Sports,Cricket Bat,3,543.23,0.15,1385.24,1090.49,294.75,UPI,Returning
ORD01213,2023-03-12,CUST0423,Aarav Das,Pune,Maharashtra,West,Electronics,Webcam HD,8,2888.03,0.05,21949.03,13908.89,8040.14,Debit Card,Returning
ORD01933,2024-12-19,CUST0433,Vihaan Yadav,Pune,Maharashtra,West,clothing,Women Kurti,2,1595.09,0.15,2711.65,1602.04,1109.61,Credit Card,New
ORD01779,2023-09-13,CUST0521,Ananya Chauhan,Bhubaneswar,Odisha,East,clothing,Formal Shirt,3,1168.17,0,3504.51,2627.83,876.68,UPI,Returning
ORD01820,2024-03-20,CUST0527,Diya Gupta,Hyderabad,Telangana,South,sports,Cricket Bat,3,1116.44,0,3349.32,2271.38,1077.94,Credit Card,Returning
ORD00263,2024-03-02,CUST0124,Isha Nair,Indore,Madhya Pradesh,Central,Grocery,Basmati Rice 5kg,7,147.72,0.15,878.93,602.05,276.88,Credit Card,Returning
ORD01618,2023-08-27,CUST0004,Ishaan Gupta,Bhubaneswar,Odisha,East,clothing,Winter Jacket,5,1753.12,0.25,6574.2,4734.1,1840.1,Cash on Delivery,Returning
ORD00900,2024-03-16,CUST0398,Simran Patel,Noida,Uttar Pradesh,North, Grocery,Green Tea Pack,7,975.35,0.1,6144.7,3793.37,2351.33,Cash on Delivery,New
ORD00428,2023-11-22,CUST0417,Priya Sharma,Pune,Maharashtra,West,Beauty,Sunscreen SPF50,1,314.33,0,314.33,192.24,122.09,Cash on Delivery,New
ORD01315,2024-11-19,CUST0313,Kavya Patel,Chennai,Tamil Nadu,South, Grocery,Almonds 500g,5,298.92,0.1,1345.14,832.58,512.56,Net Banking,New
ORD01250,2024-04-08,CUST0522,Arjun Patel,Bengaluru,Karnataka,South,grocery,Almonds 500g,7,956.43,0.1,6025.51,4795.65,1229.86,Cash on Delivery,Returning
ORD01838,2024-03-14,CUST0516,Sai Kumar, Hyderabad,Telangana,South,books,Cook Book,6,310.26,0.1,1675.4,1291.51,383.89,Debit Card,New
ORD01750,2024-08-24,CUST0318,Aarav Kumar,Lucknow,Uttar Pradesh,North,Beauty,Hair Serum,1,557.02,0,557.02,418.69,138.33,Net Banking,Returning
ORD00719,2023-06-05,CUST0307,Ananya Patel,Kolkata,West Bengal,East,Clothing,Winter Jacket,5,1245.35,0,6226.75,3643.38,2583.37,UPI,Returning
ORD01592,2024-01-30,CUST0073,Kavya Mehta,Mumbai,Maharashtra,West,Books,Children Story Book,5,248.68,0,1243.4,694.82,548.58,Credit Card,New
ORD00995,2024-07-21,CUST0477,Isha Yadav,Hyderabad,Telangana,South,SPORTS,Skipping Rope,4,1793.64,0.15,6098.38,4371.54,1726.84,Debit Card,New
ORD00193,2023-05-12,CUST0330,Simran Patel,Hyderabad,Telangana,South,beauty,Hair Serum,4,317.88,0.1,1144.37,758.96,385.41,Credit Card,New
ORD00807,2023-07-17,CUST0283,Priya Mehta,Bhubaneswar,Odisha,East,Cloths,Men Cotton T-Shirt,4,1375.22,0.25,4125.66,2848.64,1277.02,Debit Card,Returning
ORD01814,2023-06-17,CUST0392,Priya Yadav,Delhi,Delhi,North,Books,Self Help Book,4,472.49,0,1889.96,1389.42,500.54,Credit Card,Returning
ORD00036,2023-04-01,CUST0109,Rohit Verma,Noida,Uttar Pradesh,North, Beauty,Sunscreen SPF50,7,795.42,0.05,5289.54,3349.69,1939.85,Credit Card,New
ORD00929,2024-03-17,CUST0318,Aarav Kumar,Ahmedabad,Gujarat,West,Home & Kitchen,Ceramic Mug Set,7,578.11,0.2,3237.42,1907.38,1330.04,Debit Card,Returning
ORD01080,2024-07-17,CUST0363,Saanvi Nair,Bhubaneswar,Odisha,East,books,Fiction Novel,2,175.48,0.1,315.86,249.32,66.54,Cash on Delivery,New
ORD00634,2024-02-24,CUST0361,Priya Nair,Hyderabad,Telangana,South,Sports,Football,4,1231.63,0,4926.52,3849.73,1076.79,Credit Card,Returning
ORD00052,2024-12-02,CUST0491,Ananya Singh,Patna,Bihar,East,clothing,Men Cotton T-Shirt,8,361.87,0.05,2750.21,2121.64,628.57,Debit Card,Returning
ORD00898,2023-04-07,CUST0005,Pooja Verma,Pune,Maharashtra,West,Beauty,Sunscreen SPF50,7,532.57,0.05,3541.59,2020.48,1521.11,Credit Card,New
ORD01586,2024-04-20,CUST0285,Kabir Gupta,Bhopal,Madhya Pradesh,Central,Books,Self Help Book,8,414.9,0.05,3153.24,1993.34,1159.9,UPI,Returning
ORD00145,2023-06-26,CUST0192,Ishaan Reddy,Lucknow,Uttar Pradesh,North,home & kitchen,Storage Container Set,4,1040.46,0.25,3121.38,1764.34,1357.04,Debit Card,Returning
ORD01782,2023-12-02,CUST0094,Pooja Chauhan,Patna,Bihar,East,Books,Fiction Novel,2,166.8,0.1,300.24,216.82,83.42,Debit Card,New
ORD00033,2024-03-28,CUST0221,  Priya Kumar  ,Ahmedabad,Gujarat,West,Sports,Football,5,1758.9,0.1,7915.05,4443.15,3471.9,Net Banking,New
ORD00361,2024-05-22,CUST0296,Aarav Iyer,Hyderabad,Telangana,South,Books,Fiction Novel,2,360.63,0.1,649.13,468.52,180.61,Net Banking,New
ORD01803,2024-11-17,CUST0478,Kabir Mehta,Chennai,Tamil Nadu,South,Beauty,Moisturizer Cream,1,,0.05,,,,Net Banking,New
ORD00339,2023-11-25,CUST0274,Ananya Kapoor,Hyderabad,Telangana,South,books,Children Story Book,6,338.87,0,2033.22,1357.26,675.96,Cash on Delivery,Returning
ORD01871,2024-05-05,CUST0329,Ananya Iyer,Indore,Madhya Pradesh,Central,Grocery,Basmati Rice 5kg,4,802.55,0.05,3049.69,1885.04,1164.65,Debit Card,Returning
ORD01731,2024-02-05,CUST0396,Saanvi Sharma,Noida,Uttar Pradesh,North,SPORTS,Yoga Mat,8,1826.76,0,14614.08,9964.76,4649.32,Debit Card,Returning
ORD01745,2023-07-18,CUST0335,Reyansh Gupta,Delhi,Delhi,North,beauty,Hair Serum,5,341.2,0,1706.0,1006.57,699.43,Debit Card,New
ORD00713,2023-04-07,CUST0454,Myra Kapoor,Jaipur,Rajasthan,North,Books,Self Help Book,4,266.27,0.15,905.32,671.39,233.93,Net Banking,New
ORD01472,2024-07-25,CUST0119,Reyansh Iyer,Patna,Bihar,East,Clothing,Women Kurti,8,724.99,0.05,5509.92,4162.77,1347.15,Net Banking,New
ORD01863,2024-01-07,CUST0248,Myra Gupta,Delhi,Delhi,North,Books,Self Help Book,5,631.93,0,3159.65,2198.13,961.52,Net Banking,New
ORD00359,2024-09-19,CUST0070,Priya Kumar,Pune,Maharashtra,West, Grocery,Basmati Rice 5kg,4,966.84,0,3867.36,3068.34,799.02,UPI,New
ORD01841,2024-02-21,CUST0072,Myra Das,Jaipur,Rajasthan,North, Beauty,Sunscreen SPF50,3,659.98,0,1979.94,1567.17,412.77,Net Banking,New
ORD00327,2024-08-30,CUST0427,Rohit Singh,Bhubaneswar,Odisha,East,grocery,Cooking Oil 1L,5,569.78,0,2848.9,2001.74,847.16,UPI,New
ORD00933,2023-04-15,CUST0466,Pooja Das,Hyderabad,Telangana,South, Beauty,Face Wash,4,291.88,0.05,1109.14,746.61,362.53,Credit Card,Returning
ORD01755,2023-10-25,CUST0410,Kavya Mehta, Chennai,Tamil Nadu,South,sports,Skipping Rope,5,1369.16,0.25,5134.35,2839.45,2294.9,Credit Card,Returning
ORD01505,2023-03-07,CUST0395,Kabir Reddy,Bhopal,Madhya Pradesh,Central,sports,Yoga Mat,6,638.14,0,3828.84,2368.56,1460.28,Credit Card,Returning
ORD00309,2023-03-04,CUST0174,Myra Chauhan,Kolkata,West Bengal,East,ELECTRONICS,Power Bank 10000mAh,5,1607.85,0,8039.25,6132.83,1906.42,Debit Card,Returning
ORD01597,2024-05-06,CUST0009,Vivaan Sharma,Noida,Uttar Pradesh,North,sports,Skipping Rope,7,850.77,0,5955.39,4525.36,1430.03,Net Banking,Returning
ORD01690,2024-08-12,CUST0315,Neha Das,Bhopal,Madhya Pradesh,Central,beauty,Lipstick,6,433.66,0.25,1951.47,1147.32,804.15,Net Banking,New
ORD01044,2023-06-29,CUST0127,Ishaan Verma,Patna,Bihar,East,SPORTS,Cricket Bat,5,1031.67,0.1,4642.52,2608.11,2034.41,Net Banking,Returning
ORD00209,2024-04-06,CUST0314,Pooja Gupta,Bhubaneswar,Odisha,East,Sports,Skipping Rope,6,2403.92,0.15,12259.99,7497.52,4762.47,Credit Card,Returning
ORD00308,2024-07-01,CUST0481,Priya Sharma,Chennai,Tamil Nadu,South,sports,Skipping Rope,7,1010.7,0.1,6367.41,3962.45,2404.96,UPI,Returning
ORD00470,2024-01-01,CUST0016,Myra Singh,Bengaluru,Karnataka,South,books,Fiction Novel,8,270.05,0.1,1944.36,1385.33,559.03,Debit Card,New
ORD00081,2023-08-30,CUST0122,Ananya Reddy,Chennai,Tamil Nadu,South,Home & Kitchen,Ceramic Mug Set,5,1096.38,0.1,4933.71,3166.88,1766.83,Credit Card,New
ORD00577,2024-06-23,CUST0285,Kabir Gupta,Bhubaneswar,Odisha,East,SPORTS,Yoga Mat,7,1767.9,0.15,10519.01,6306.54,4212.47,UPI,Returning
ORD01048,2023-05-29,CUST0235,Kabir Sharma,Jaipur,Rajasthan,North,Grocery,Green Tea Pack,-3,808.06,0,,,,Net Banking,Returning
ORD00495,2023-10-26,CUST0386,Rohit Reddy,Mumbai,Maharashtra,West,grocery,Cooking Oil 1L,4,862.26,0.05,3276.59,2375.86,900.73,UPI,New
ORD00743,2024-08-22,CUST0156,Reyansh Singh,Noida,Uttar Pradesh,North,Beauty,Lipstick,1,608.41,0,608.41,452.0,156.41,Cash on Delivery,Returning
ORD01141,2023-10-12,CUST0312,Myra Patel,Bengaluru,Karnataka,South,electronics,Power Bank 10000mAh,1,2520.99,0.15,2142.84,1235.69,907.15,UPI,New
ORD01593,2024-03-19,CUST0434,Sai Kumar, Kolkata,West Bengal,East,clothing,Running Shoes,4,1212.34,0.1,4364.42,2501.76,1862.66,UPI,New
ORD01985,2023-04-01,CUST0501,Kabir Kumar,Bengaluru,Karnataka,South, Electronics,Webcam HD,6,609.46,0.1,3291.08,2297.09,993.99,Net Banking,Returning
ORD01264,2023-06-16,CUST0125,Aadhya Nair,Bengaluru,Karnataka,South,Sports,Dumbbell Set 5kg,7,1467.42,0.1,9244.75,6005.41,3239.34,Net Banking,New
ORD00334,2024-03-14,CUST0253,Ishaan Patel,Noida,Uttar Pradesh,North,home & kitchen,Steel Water Bottle,3,1386.88,0.2,3328.51,2646.32,682.19,UPI,Returning
ORD00324,2023-11-11,CUST0100,Neha Singh,Chennai,Tamil Nadu,South,Sports,Skipping Rope,2,461.61,0.05,877.06,496.22,380.84,Credit Card,Returning
ORD00057,2024-01-28,CUST0034,Karan Das, Kolkata,West Bengal,East, Clothing ,Denim Jeans,2,1274.67,0.2,2039.47,1282.0,757.47,Debit Card,New
ORD00664,2023-05-21,CUST0451,Aditya Iyer,Bengaluru,Karnataka,South,books,Children Story Book,2,281.43,0.2,450.29,327.16,123.13,Debit Card,Returning
ORD00660,2023-12-05,CUST0139,Saanvi Singh,Delhi,Delhi,North,SPORTS,Dumbbell Set 5kg,-2,611.22,0,,,,Debit Card,New
ORD00777,2024-06-01,CUST0189,Sai Verma,Patna,Bihar,East,Cloths,Formal Shirt,1,1780.27,0.05,1691.26,1184.58,506.68,Debit Card,New
ORD01956,2024-02-10,CUST0036,Reyansh Chauhan,Chennai,Tamil Nadu,South,grocery,Basmati Rice 5kg,5,296.88,0,1484.4,822.07,662.33,Net Banking,New
ORD01873,2023-08-02,CUST0027,Isha Das,Indore,Madhya Pradesh,Central, Clothing ,Formal Shirt,2,456.8,0,913.6,574.53,339.07,Net Banking,New
ORD00450,2023-06-02,CUST0055,Rahul Iyer,Patna,Bihar,East,grocery,Cooking Oil 1L,8,287.31,0.25,1723.86,1289.02,434.84,Cash on Delivery,New
ORD01502,2024-01-26,CUST0522,Arjun Patel,Delhi,Delhi,North,books,Cook Book,2,532.52,0.15,905.28,642.77,262.51,Debit Card,Returning
ORD01853,2024-07-25,CUST0071,Pooja Das,Jaipur,Rajasthan,North, Grocery,Almonds 500g,5,458.76,0.05,2179.11,1485.96,693.15,Debit Card,Returning
ORD00703,2023-09-08,CUST0351,Riya Sharma,Lucknow,Uttar Pradesh,North,books,Children Story Book,5,461.53,0,2307.65,1354.6,953.05,Debit Card,New
ORD01329,2024-04-04,CUST0118,Neha Reddy,Chennai,Tamil Nadu,South,electronics,Laptop Stand,1,1503.92,0,1503.92,1020.1,483.82,Cash on Delivery,New
ORD01667,2023-05-12,CUST0220,Aarav Patel,Lucknow,Uttar Pradesh,North,Grocery,Cooking Oil 1L,6,837.25,0,5023.5,2856.38,2167.12,Credit Card,New
ORD01943,2023-07-19,CUST0401,Riya Gupta,Indore,Madhya Pradesh,Central,home & kitchen,Storage Container Set,7,359.5,0.2,2013.2,1555.27,457.93,Debit Card,New
ORD00251,2024-10-02,CUST0365,  Ishaan Kapoor  ,Patna,Bihar,East,Clothing,Women Kurti,6,1967.85,0.15,10036.03,7540.89,2495.14,Net Banking,New
ORD00813,2024-02-10,CUST0092,Myra Gupta,Indore,Madhya Pradesh,Central, Clothing ,Women Kurti,5,685.57,0,3427.85,1930.29,1497.56,Credit Card,Returning
ORD00009,2023-10-01,CUST0290,Diya Reddy,Bhubaneswar,Odisha,East,Home and Kitchen,Steel Water Bottle,8,1323.84,0.25,7943.04,5054.01,2889.03,Cash on Delivery,Returning
ORD00344,2024-03-27,CUST0189,Sai Verma,Noida,Uttar Pradesh,North,SPORTS,Yoga Mat,6,539.27,0,3235.62,2211.26,1024.36,UPI,New
ORD01752,2024-09-06,CUST0056,Ishaan Patel,Chennai,Tamil Nadu,South,books,Fiction Novel,8,295.04,0.25,1770.24,975.27,794.97,Credit Card,New
ORD01476,2023-01-21,CUST0200,Kabir Singh,Chennai,Tamil Nadu,South,books,Self Help Book,7,311.67,0.25,1636.27,1251.62,384.65,Credit Card,Returning
ORD01679,2023-09-14,CUST0034,Karan Das,Kolkata,West Bengal,East,books,Fiction Novel,3,333.96,0,1001.88,727.66,274.22,Cash on Delivery,Returning
ORD00661,2024-04-14,CUST0063,Rahul Mehta,Kolkata,West Bengal,East, Beauty,Moisturizer Cream,4,374.97,0.05,1424.89,881.5,543.39,Net Banking,Returning
ORD01688,2024-04-07,CUST0512,Aadhya Das,Bhopal,Madhya Pradesh,Central,home & kitchen,Non-Stick Pan,5,904.7,0,4523.5,3151.35,1372.15,Net Banking,New
ORD01997,2024-12-10,CUST0530,Aditya Reddy,Delhi,Delhi,North,Grocery,Green Tea Pack,2,802.59,0.05,1524.92,1185.64,339.28,UPI,Returning
ORD01104,2024-10-13,CUST0041,Vihaan Reddy,Hyderabad,Telangana,South,books,Fiction Novel,7,230.14,0.1,1449.88,1126.35,323.53,UPI,Returning
ORD00984,2024-10-10,CUST0187,Vivaan Iyer,Patna,Bihar,East,ELECTRONICS,USB-C Charger,7,1340.73,0.25,7038.83,4124.88,2913.95,Credit Card,Returning
ORD01222,2023-11-13,CUST0148,Isha Reddy,Delhi,Delhi,North,grocery,Almonds 500g,,756.17,0,,,,Net Banking,Returning
ORD01805,2024-11-30,CUST0323,Riya Nair,Noida,Uttar Pradesh,North, Clothing ,Women Kurti,6,1674.07,0.25,7533.32,4436.89,3096.43,Cash on Delivery,New
ORD00820,2024-08-04,CUST0100,Neha Singh,Mumbai,Maharashtra,West,Home & Kitchen,Storage Container Set,6,297.93,0,1787.58,1116.11,671.47,UPI,New
ORD01556,2024-03-28,CUST0190,Neha Verma,Kolkata,West Bengal,East,Sports,Yoga Mat,5,1557.08,0.1,7006.86,4193.75,2813.11,UPI,New
ORD00585,2024-01-08,CUST0464,Saanvi Nair,Indore,Madhya Pradesh,Central,SPORTS,Cricket Bat,4,356.87,0.1,1284.73,1012.2,272.53,Cash on Delivery,New
ORD00237,2023-12-09,CUST0369,Kabir Nair,Hyderabad,Telangana,South,sports,Football,,477.85,0.05,,,,Cash on Delivery,New
ORD00463,2024-04-12,CUST0305,Vihaan Chauhan,Bengaluru,Karnataka,South,Sports,Dumbbell Set 5kg,7,1252.0,0,8764.0,6350.66,2413.34,UPI,Returning
ORD01464,2023-10-09,CUST0228,  Reyansh Chauhan  ,Mumbai,Maharashtra,West,grocery,Almonds 500g,5,135.47,0.25,508.01,378.22,129.79,UPI,New
ORD00378,2023-08-30,CUST0224,Vihaan Verma,Delhi,Delhi,North,electronics,Bluetooth Speaker,8,1401.61,0,11212.88,7541.67,3671.21,Debit Card,New
ORD01811,2023-07-16,CUST0064,Reyansh Patel,Lucknow,Uttar Pradesh,North,books,Fiction Novel,,246.87,0.05,,,,Net Banking,Returning
ORD01242,2023-10-07,CUST0443,Vihaan Chauhan,Chennai,Tamil Nadu,South,Clothing,Men Cotton T-Shirt,3,752.89,0,2258.67,1699.71,558.96,Cash on Delivery,New
ORD01214,2024-01-18,CUST0039,Ananya Verma,Noida,Uttar Pradesh,North,Books,Self Help Book,4,153.55,0.2,491.36,295.86,195.5,Credit Card,New
ORD00604,2023-01-26,CUST0455,Saanvi Verma,Bengaluru,Karnataka,South,Electronics,USB-C Charger,3,2513.73,0.1,6787.07,5127.1,1659.97,Net Banking,New
ORD01994,2023-12-17,CUST0056,Ishaan Patel,Pune,Maharashtra,West,books,Self Help Book,1,643.41,0.2,514.73,332.14,182.59,Credit Card,New
ORD00876,2024-11-26,CUST0366,Karan Kumar,Patna,Bihar,East,Sports,Yoga Mat,5,958.33,0,4791.65,3819.17,972.48,Cash on Delivery,New
ORD01388,2024-04-06,CUST0495,Isha Nair,Mumbai,Maharashtra,West,Home and Kitchen,Steel Water Bottle,5,286.61,0.2,1146.44,830.46,315.98,Credit Card,Returning
ORD01316,2024-07-09,CUST0360,Myra Kapoor,Bhopal,Madhya Pradesh,Central,beauty,Sunscreen SPF50,3,642.55,0.05,1831.27,1192.22,639.05,UPI,Returning
ORD00162,2023-04-13,CUST0104,Neha Mehta,Ahmedabad,Gujarat,West,Home and Kitchen,LED Table Lamp,5,696.96,0.25,2613.6,1461.96,1151.64,Debit Card,Returning
ORD01413,2024-06-05,CUST0108,Vivaan Singh,Pune,Maharashtra,West,Home & Kitchen,LED Table Lamp,1,1045.82,0,1045.82,819.98,225.84,Debit Card,New
ORD01622,2023-05-25,CUST0383,Myra Reddy,Noida,Uttar Pradesh,North,home & kitchen,LED Table Lamp,2,653.04,0.15,1110.17,787.58,322.59,UPI,Returning
ORD00117,2024-01-29,CUST0518,Priya Gupta,Patna,Bihar,East,beauty,Sunscreen SPF50,8,489.96,0,3919.68,2935.72,983.96,Credit Card,Returning
ORD00962,2024-12-04,CUST0240,Priya Chauhan,Ahmedabad,Gujarat,West,Beauty,Hair Serum,2,777.46,0.15,1321.68,861.88,459.8,Debit Card,New
ORD00517,2023-07-06,CUST0276,Aarav Patel,Pune,Maharashtra,West, Beauty,Sunscreen SPF50,6,,0.05,,,,UPI,New
ORD01693,2024-08-01,CUST0417,Priya Sharma,Delhi,Delhi,North,Beauty,Sunscreen SPF50,3,802.47,0.25,1805.56,1024.55,781.01,UPI,New
ORD01396,2024-11-15,CUST0444,Ananya Kapoor,Patna,Bihar,East, Electronics,Webcam HD,8,663.31,0,5306.48,3655.15,1651.33,UPI,New
ORD01162,2023-06-11,CUST0293,Rohit Singh,Pune,Maharashtra,West,ELECTRONICS,Laptop Stand,3,1895.81,0.2,4549.94,2767.04,1782.9,Credit Card,Returning
ORD01645,2023-06-10,CUST0331,Neha Mehta,Ahmedabad,Gujarat,West,Electronics,Webcam HD,7,993.36,0.2,5562.82,3554.08,2008.74,Debit Card,New
ORD01610,2024-09-19,CUST0294,Kabir Sharma,Patna,Bihar,East,Cloths,Running Shoes,3,1297.64,0.25,2919.69,2153.2,766.49,Debit Card,New
ORD00284,2023-04-22,CUST0183,Diya Sharma,Delhi,Delhi,North,books,Self Help Book,6,661.31,0.1,3571.07,2252.29,1318.78,Net Banking,New
ORD00692,2023-12-03,CUST0488,Rahul Nair,Bhopal,Madhya Pradesh,Central,Sports,Football,6,2091.05,0.25,9409.73,5670.86,3738.87,Credit Card,Returning
ORD01663,2024-08-27,CUST0252,Reyansh Patel,Lucknow,Uttar Pradesh,North,ELECTRONICS,Power Bank 10000mAh,6,2984.67,0.05,17012.62,11480.6,5532.02,Debit Card,Returning
ORD01088,2023-05-20,CUST0007,Priya Verma,Lucknow,Uttar Pradesh,North,books,Cook Book,8,326.8,0,2614.4,1495.26,1119.14,Cash on Delivery,Returning
ORD01092,2024-08-25,CUST0475,Diya Gupta,Bhubaneswar,Odisha,East,Beauty,Face Wash,1,666.06,0.15,566.15,441.2,124.95,Net Banking,New
ORD00176,2023-11-26,CUST0544,Rohit Reddy,Noida,Uttar Pradesh,North,Electronics,Power Bank 10000mAh,4,2171.52,0,8686.08,5000.38,3685.7,Cash on Delivery,Returning
ORD00707,2023-05-03,CUST0366,Karan Kumar,Chennai,Tamil Nadu,South, Beauty,Face Wash,4,692.1,0,2768.4,1798.42,969.98,UPI,Returning
ORD01577,2023-04-20,CUST0114,Arjun Gupta,Lucknow,Uttar Pradesh,North,sports,Football,6,1387.6,0,8325.6,6649.87,1675.73,UPI,Returning
ORD00183,,CUST0142,Rohit Nair,Patna,Bihar,East,Books,Children Story Book,8,674.3,0,5394.4,3469.44,1924.96,Debit Card,New
ORD01482,2023-01-06,CUST0130,Ishaan Das,Indore,Madhya Pradesh,Central,Home & Kitchen,Storage Container Set,4,961.28,0.1,3460.61,2363.28,1097.33,Debit Card,New
ORD01888,2024-12-08,CUST0499,Diya Mehta,Bhopal,Madhya Pradesh,Central,sports,Skipping Rope,2,900.23,0.15,1530.39,939.31,591.08,Cash on Delivery,Returning
ORD00338,2024-01-10,CUST0042,Kabir Nair,Jaipur,Rajasthan,North,Home & Kitchen,Steel Water Bottle,4,378.93,0,1515.72,1079.59,436.13,Cash on Delivery,New
ORD00242,2024-07-07,CUST0456,Myra Mehta,Delhi,Delhi,North,Books,Cook Book,7,436.9,0.1,2752.47,2139.3,613.17,Net Banking,New
ORD00238,2023-11-29,CUST0500,Rahul Nair,Ahmedabad,Gujarat,West,books,Fiction Novel,5,404.06,0,2020.3,1434.71,585.59,Debit Card,Returning
ORD01002,2023-12-01,CUST0154,Pooja Mehta,Kolkata,West Bengal,East,home & kitchen,Storage Container Set,,1269.21,0.15,,,,Debit Card,Returning
ORD00489,2024-08-08,CUST0517,Aarav Chauhan,Mumbai,Maharashtra,West, Clothing ,Men Cotton T-Shirt,8,584.69,0,4677.52,3136.47,1541.05,Cash on Delivery,New
ORD01209,2023-05-19,CUST0473,Kavya Mehta,Noida,Uttar Pradesh,North,Beauty,Lipstick,8,263.51,0,2108.08,1641.67,466.41,UPI,New
ORD01049,2023-03-10,CUST0354,Arjun Yadav,Delhi,Delhi,North,home & kitchen,LED Table Lamp,6,539.15,0.05,3073.15,2319.81,753.34,Debit Card,New
ORD01117,2023-03-30,CUST0169,Kavya Sharma,Bhopal,Madhya Pradesh,Central,electronics,Wireless Mouse,6,1246.87,0.2,5984.98,3555.09,2429.89,UPI,New
ORD00817,2024-10-29,CUST0416,Aarav Chauhan,Noida,Uttar Pradesh,North,Clothing,Men Cotton T-Shirt,2,1561.78,0.05,2967.38,2195.68,771.7,Debit Card,New
ORD01132,2023-03-12,CUST0025,Aditya Reddy,Ahmedabad,Gujarat,West,home & kitchen,Ceramic Mug Set,5,930.95,0.1,4189.28,2806.75,1382.53,UPI,New
ORD00136,2023-03-21,CUST0123,Simran Patel,Hyderabad,Telangana,South,Books,Self Help Book,1,673.74,0.25,505.31,387.32,117.99,Debit Card,Returning
ORD01520,2024-08-08,CUST0268,Rahul Verma,Indore,Madhya Pradesh,Central,beauty,Hair Serum,4,275.53,0.05,1047.01,669.6,377.41,UPI,New
ORD01447,2024-13-40,CUST0144,Saanvi Yadav,Bengaluru,Karnataka,South,books,Self Help Book,2,687.48,0.05,1306.21,911.78,394.43,Debit Card,Returning
ORD01109,2023-07-09,CUST0147,Simran Reddy,Jaipur,Rajasthan,North,grocery,Almonds 500g,8,262.55,0.05,1995.38,1104.22,891.16,Debit Card,New
ORD00329,2023-08-02,CUST0199,Aadhya Mehta,Pune,Maharashtra,West,Grocery,Almonds 500g,3,702.13,0.15,1790.43,1112.33,678.1,Net Banking,Returning
ORD01094,,CUST0182,Vivaan Chauhan,Hyderabad,Telangana,South,Cloths,Running Shoes,4,528.96,0,2115.84,1296.99,818.85,Debit Card,Returning
ORD00990,2023-11-30,CUST0159,Sai Kumar,Kolkata,West Bengal,East,SPORTS,Cricket Bat,3,2396.29,0.15,6110.54,4364.83,1745.71,Cash on Delivery,New
ORD01087,2023-02-10,CUST0432,Pooja Chauhan,Indore,Madhya Pradesh,Central,Books,Children Story Book,7,429.74,0,3008.18,2321.11,687.07,UPI,New
ORD01712,2024-02-20,CUST0315,Neha Das,Noida,Uttar Pradesh,North,SPORTS,Yoga Mat,1,1953.67,0,1953.67,1387.45,566.22,Credit Card,Returning
ORD01526,2023-08-25,CUST0286,Rohit Kumar,Pune,Maharashtra,West,Home and Kitchen,Steel Water Bottle,1,1007.13,0.1,906.42,658.58,247.84,Net Banking,Returning
ORD00784,2024-07-18,CUST0394,Saanvi Singh,Bhopal,Madhya Pradesh,Central,sports,Cricket Bat,1,1795.13,0,1795.13,1109.98,685.15,Cash on Delivery,New
ORD01817,2024-12-11,CUST0027,Isha Das,Pune,Maharashtra,West, Clothing ,Running Shoes,5,738.77,0.15,3139.77,2121.91,1017.86,Debit Card,New
ORD01867,2024-05-20,CUST0132,Aditya Chauhan,Pune,Maharashtra,West,Grocery,Cooking Oil 1L,,247.88,0.05,,,,Cash on Delivery,New
ORD00643,2023-08-16,CUST0335,Reyansh Gupta,Delhi,Delhi,North,sports,Football,2,1824.66,0,3649.32,2402.51,1246.81,Cash on Delivery,Returning
ORD00218,2024-04-27,CUST0175,Pooja Yadav,Noida,Uttar Pradesh,North,grocery,Cooking Oil 1L,3,659.89,0,1979.67,1447.23,532.44,Debit Card,Returning
ORD01378,2024-11-19,CUST0329,Ananya Iyer,Indore,Madhya Pradesh,Central,ELECTRONICS,USB-C Charger,3,2720.09,0.25,6120.2,3861.25,2258.95,Cash on Delivery,New
ORD01541,2023-09-18,CUST0068,Arjun Singh,Lucknow,Uttar Pradesh,North, Beauty,Sunscreen SPF50,7,382.15,0.05,2541.3,1821.0,720.3,Debit Card,New
ORD01003,,CUST0220,Aarav Patel,Bhubaneswar,Odisha,East,books,Self Help Book,8,601.92,0.05,4574.59,3624.09,950.5,UPI,New
ORD01822,2023-07-26,CUST0412,Diya Mehta,Bengaluru,Karnataka,South,home & kitchen,Steel Water Bottle,2,386.65,0.05,734.63,568.89,165.74,Credit Card,Returning
ORD01060,2023-01-16,CUST0444,Ananya Kapoor,Hyderabad,Telangana,South,SPORTS,Skipping Rope,8,1996.66,0,15973.28,10266.81,5706.47,Cash on Delivery,Returning
ORD01023,2023-06-19,CUST0434,Sai Kumar,Hyderabad,Telangana,South,Sports,Dumbbell Set 5kg,7,1529.77,0.25,8031.29,5751.58,2279.71,UPI,Returning
ORD00590,2023-07-11,CUST0467,Kabir Mehta,Delhi,Delhi,North, Electronics,Laptop Stand,3,2929.8,0,8789.4,6326.62,2462.78,UPI,Returning
ORD00600,2024-01-02,CUST0438,Kavya Reddy,Chennai,Tamil Nadu,South,beauty,Sunscreen SPF50,,546.13,0.2,,,,UPI,New
ORD01977,2024-05-05,CUST0301,Myra Verma,Indore,Madhya Pradesh,Central,clothing,Winter Jacket,8,385.8,0,3086.4,2075.61,1010.79,Net Banking,Returning
ORD01210,2024-09-05,CUST0252,Reyansh Patel,Noida,Uttar Pradesh,North,Home & Kitchen,Steel Water Bottle,1,1013.62,0.2,810.9,464.31,346.59,Debit Card,Returning
ORD01033,2024-12-14,CUST0451,Aditya Iyer,Lucknow,Uttar Pradesh,North,sports,Skipping Rope,2,951.85,0.15,1618.14,1215.05,403.09,UPI,New
ORD01925,2024-10-17,CUST0228,Reyansh Chauhan,Lucknow,Uttar Pradesh,North,Grocery,Green Tea Pack,7,634.38,0,4440.66,2649.59,1791.07,UPI,Returning
ORD01247,2023-01-31,CUST0271,Saanvi Singh,Hyderabad,Telangana,South,books,Fiction Novel,7,388.37,0.1,2446.73,1536.58,910.15,UPI,Returning
ORD00503,2023-05-06,CUST0212,Kabir Gupta,Patna,Bihar,East,Clothing,Running Shoes,1,442.84,0.1,398.56,255.43,143.13,Cash on Delivery,New
ORD01295,2024-06-04,CUST0409,Vivaan Kumar,Lucknow,Uttar Pradesh,North,Beauty,Moisturizer Cream,7,195.37,0.05,1299.21,723.16,576.05,Cash on Delivery,New
ORD00391,2023-06-04,CUST0451,Aditya Iyer,Mumbai,Maharashtra,West,clothing,Men Cotton T-Shirt,1,1098.42,0.25,823.82,542.99,280.83,Net Banking,New
ORD00153,2024-12-10,CUST0263,Myra Yadav,Ahmedabad,Gujarat,West,Electronics,Wireless Mouse,7,2915.57,0.25,15306.74,11792.97,3513.77,Debit Card,Returning
ORD01969,2024-05-19,CUST0375,Arjun Singh,Kolkata,West Bengal,East,Cloths,Running Shoes,4,1715.86,0.25,5147.58,3161.69,1985.89,Cash on Delivery,New
ORD00592,2024-04-08,CUST0360,Myra Kapoor,Hyderabad,Telangana,South,Home and Kitchen,Ceramic Mug Set,8,216.63,0.15,1473.08,1138.46,334.62,Cash on Delivery,Returning
ORD00656,2023-09-13,CUST0413,Kavya Kumar,Kolkata,West Bengal,East,grocery,Cooking Oil 1L,8,325.82,0.15,2215.58,1680.7,534.88,UPI,Returning
ORD00437,2023-01-03,CUST0054,Kabir Patel,Indore,Madhya Pradesh,Central,home & kitchen,Ceramic Mug Set,8,843.25,0,6746.0,5200.83,1545.17,Credit Card,New
ORD00261,2024-08-07,CUST0159,Sai Kumar,Pune,Maharashtra,West, Electronics,USB-C Charger,5,1290.12,0.05,6128.07,3763.01,2365.06,Debit Card,New
ORD01626,2023-06-08,CUST0198,Rohit Das,Lucknow,Uttar Pradesh,North,Electronics,USB-C Charger,2,829.93,0.15,1410.88,903.82,507.06,UPI,New
ORD01415,2024-10-04,CUST0437,Rohit Patel,Hyderabad,Telangana,South,home & kitchen,Ceramic Mug Set,5,231.16,0.05,1098.01,828.83,269.18,Net Banking,Returning
ORD00714,2023-08-04,CUST0159,Sai Kumar,Jaipur,Rajasthan,North,clothing,Winter Jacket,3,1336.21,0.25,3006.47,2144.73,861.74,Net Banking,Returning
ORD00064,2024-10-19,CUST0495,Isha Nair,Noida,Uttar Pradesh,North, Grocery,Almonds 500g,2,718.75,0.2,1150.0,771.72,378.28,Credit Card,Returning
ORD01966,2023-11-13,CUST0444,Ananya Kapoor, Jaipur,Rajasthan,North,electronics,USB-C Charger,1,2655.88,0.25,1991.91,1373.09,618.82,UPI,Returning
ORD01056,2024-07-17,CUST0200,  Kabir Singh  ,Jaipur,Rajasthan,North,home & kitchen,Steel Water Bottle,2,244.33,0,488.66,324.6,164.06,Net Banking,New
ORD01356,2024-09-14,CUST0093,Riya Sharma,Bhopal,Madhya Pradesh,Central,beauty,Sunscreen SPF50,4,792.56,0.15,2694.7,1967.69,727.01,Credit Card,New
ORD01300,2024-07-09,CUST0444,Ananya Kapoor,Lucknow,Uttar Pradesh,North,ELECTRONICS,Power Bank 10000mAh,6,2284.15,0,13704.9,10870.25,2834.65,Debit Card,Returning
ORD00037,2024-06-06,CUST0358,Riya Das,Jaipur,Rajasthan,North,Books,Self Help Book,5,257.5,0,1287.5,765.14,522.36,Net Banking,Returning
ORD00792,2024-01-25,CUST0482,Aadhya Singh,Bengaluru,Karnataka,South,Beauty,Lipstick,6,392.44,0.2,1883.71,1227.8,655.91,Debit Card,New
ORD00149,2023-02-27,CUST0225,  Pooja Iyer  ,Mumbai,Maharashtra,West,sports,Yoga Mat,4,2053.82,0,8215.28,6405.41,1809.87,Debit Card,New
ORD01318,2023-02-11,CUST0395,Kabir Reddy,Mumbai,Maharashtra,West,Home & Kitchen,LED Table Lamp,7,242.25,0.05,1610.96,1170.32,440.64,Net Banking,Returning
ORD01778,2023-06-01,CUST0403,Aarav Reddy,Patna,Bihar,East,beauty,Face Wash,6,857.46,0,5144.76,3093.66,2051.1,UPI,New
ORD01920,2023-06-07,CUST0312,Myra Patel,Bhopal,Madhya Pradesh,Central,grocery,Cooking Oil 1L,6,651.63,0.1,3518.8,2015.71,1503.09,Net Banking,New
ORD01137,2023-11-02,CUST0269,Kavya Kapoor,Indore,Madhya Pradesh,Central,Home and Kitchen,Storage Container Set,5,1220.23,0.1,5491.03,3860.18,1630.85,Net Banking,New
ORD00481,2024-12-29,CUST0408,Riya Gupta,Bhubaneswar,Odisha,East,Sports,Skipping Rope,7,580.39,0.1,3656.46,2468.7,1187.76,Cash on Delivery,Returning
ORD00605,2023-07-09,CUST0247,Priya Gupta,Delhi,Delhi,North,SPORTS,Skipping Rope,8,866.08,0.25,5196.48,3335.28,1861.2,Debit Card,Returning
ORD00593,2024-10-17,CUST0421,Aarav Singh,Indore,Madhya Pradesh,Central,clothing,Denim Jeans,4,1280.89,0.2,4098.85,2622.67,1476.18,UPI,New
ORD00619,2023-05-10,CUST0290,Diya Reddy,Mumbai,Maharashtra,West,home & kitchen,Steel Water Bottle,4,1496.52,0.2,4788.86,3206.98,1581.88,UPI,New
ORD01473,2023-11-27,CUST0505,Vihaan Chauhan,Ahmedabad,Gujarat,West,Home and Kitchen,Steel Water Bottle,1,907.15,0,907.15,688.1,219.05,Cash on Delivery,Returning
ORD01418,2024-01-17,CUST0356,Aadhya Iyer,Patna,Bihar,East,books,Self Help Book,7,162.18,0.05,1078.5,674.03,404.47,Net Banking,Returning
ORD01093,2024-09-15,CUST0521,Ananya Chauhan,Bhopal,Madhya Pradesh,Central,sports,Cricket Bat,5,961.91,0,4809.55,3435.65,1373.9,Cash on Delivery,New
ORD01574,2023-03-22,CUST0186,Aadhya Gupta,Bhubaneswar,Odisha,East,Clothing,Formal Shirt,8,1888.57,0.05,14353.13,8899.51,5453.62,UPI,Returning
ORD01241,2023-09-24,CUST0013,Priya Singh,Pune,Maharashtra,West,Home & Kitchen,LED Table Lamp,5,735.73,0.15,3126.85,2012.96,1113.89,Cash on Delivery,Returning
ORD00315,2024-04-01,CUST0291,Neha Iyer,Lucknow,Uttar Pradesh,North,Clothing,Men Cotton T-Shirt,1,1894.46,0.05,1799.74,1417.52,382.22,UPI,New
ORD00564,2023-12-26,CUST0476,Saanvi Singh,Bengaluru,Karnataka,South, Grocery,Almonds 500g,-2,802.98,0.1,,,,Debit Card,Returning
ORD01624,2024-09-27,CUST0211,Reyansh Iyer,Indore,Madhya Pradesh,Central,electronics,USB-C Charger,2,1777.88,0,3555.76,2606.67,949.09,Credit Card,New
ORD00342,2024-06-16,CUST0422,Reyansh Kapoor,Kolkata,West Bengal,East,Home and Kitchen,LED Table Lamp,8,794.41,0.1,5719.75,3391.44,2328.31,Debit Card,New
ORD00968,2024-04-13,CUST0037,  Aditya Sharma  ,Bhubaneswar,Odisha,East,books,Fiction Novel,3,278.4,0.25,626.4,405.67,220.73,Credit Card,New
ORD01343,2024-12-16,CUST0409,Vivaan Kumar,Delhi,Delhi,North, Grocery,Basmati Rice 5kg,5,766.07,0,3830.35,2940.48,889.87,Cash on Delivery,New
ORD00683,2023-09-25,CUST0432,Pooja Chauhan,Delhi,Delhi,North, Clothing ,Formal Shirt,2,1089.37,0,2178.74,1555.55,623.19,Net Banking,New
ORD01611,2024-05-02,CUST0430,Isha Gupta,Hyderabad,Telangana,South,beauty,Face Wash,3,117.02,0.2,280.85,187.27,93.58,UPI,Returning
ORD01066,2024-12-22,CUST0420,Karan Sharma,Lucknow,Uttar Pradesh,North, Electronics,Bluetooth Speaker,3,1050.8,0,3152.4,2130.31,1022.09,Cash on Delivery,Returning
ORD01792,2023-11-13,CUST0135,Vivaan Kapoor,Delhi,Delhi,North,Sports,Football,6,2406.14,0.15,12271.31,8578.43,3692.88,Credit Card,New
ORD00885,2023-03-06,CUST0428,Riya Chauhan,Bhopal,Madhya Pradesh,Central, Beauty,Hair Serum,6,766.84,0.1,4140.94,2588.38,1552.56,UPI,New
ORD00383,2024-03-30,CUST0140,Priya Gupta,Mumbai,Maharashtra,West,Beauty,Lipstick,2,187.66,0,375.32,285.9,89.42,Net Banking,Returning
ORD01190,2024-02-03,CUST0296,Aarav Iyer,Patna,Bihar,East,grocery,Green Tea Pack,7,392.63,0.05,2610.99,1784.86,826.13,Debit Card,New
ORD00622,2023-05-26,CUST0241,Myra Iyer,Bhubaneswar,Odisha,East, Beauty,Sunscreen SPF50,1,498.13,0.1,448.32,312.51,135.81,Debit Card,New
ORD00462,2024-12-02,CUST0207,Aditya Sharma,Mumbai,Maharashtra,West, Clothing ,Men Cotton T-Shirt,4,1192.96,0.25,3578.88,2380.14,1198.74,Cash on Delivery,New
ORD01454,2023-03-16,CUST0041,Vihaan Reddy,Noida,Uttar Pradesh,North,Home & Kitchen,Non-Stick Pan,4,534.16,0.15,1816.14,1136.16,679.98,Debit Card,New
ORD00289,2024-05-05,CUST0037,Aditya Sharma, Patna,Bihar,East, Clothing ,Women Kurti,6,1085.2,0,6511.2,4940.55,1570.65,Debit Card,Returning
ORD01417,2024-06-05,CUST0214,Ishaan Mehta,Bhubaneswar,Odisha,East,electronics,Webcam HD,6,1808.87,0.1,9767.9,6941.39,2826.51,Credit Card,New
ORD00967,2024-09-04,CUST0257,Pooja Gupta,Hyderabad,Telangana,South,Home and Kitchen,Storage Container Set,6,1298.98,0,7793.88,5547.82,2246.06,Debit Card,Returning
ORD00461,2024-07-03,CUST0071,Pooja Das,Bengaluru,Karnataka,South,Grocery,Cooking Oil 1L,5,487.98,0.25,1829.93,1079.1,750.83,Cash on Delivery,Returning
ORD00522,2023-04-04,CUST0390,Myra Iyer,Bengaluru,Karnataka,South,sports,Cricket Bat,7,1301.15,0,9108.05,5702.3,3405.75,Debit Card,Returning
ORD00269,2023-02-14,CUST0062,Reyansh Das,Lucknow,Uttar Pradesh,North,Cloths,Men Cotton T-Shirt,1,412.22,0.15,350.39,268.42,81.97,UPI,Returning
ORD01672,2023-11-10,CUST0327,Pooja Gupta,Chennai,Tamil Nadu,South,Home and Kitchen,LED Table Lamp,6,1109.09,0.15,5656.36,3507.18,2149.18,UPI,New
ORD01398,2023-12-11,CUST0047,Kabir Chauhan,Delhi,Delhi,North,books,Fiction Novel,5,297.65,0,1488.25,1116.72,371.53,UPI,Returning
ORD00502,2024-06-26,CUST0532,Rohit Patel,Indore,Madhya Pradesh,Central,SPORTS,Yoga Mat,4,2420.07,0,9680.28,7410.26,2270.02,Credit Card,New
ORD00116,2024-01-28,CUST0499,Diya Mehta,Patna,Bihar,East,SPORTS,Cricket Bat,8,863.32,0.25,5179.92,3651.08,1528.84,Debit Card,New
ORD00749,2024-10-07,CUST0102,Sai Iyer,Lucknow,Uttar Pradesh,North,Beauty,Sunscreen SPF50,5,385.87,0.15,1639.95,1301.13,338.82,Credit Card,Returning
ORD00134,2024-06-20,CUST0079,Karan Gupta, Chennai,Tamil Nadu,South, Beauty,Lipstick,3,393.15,0,1179.45,912.38,267.07,UPI,New
ORD00565,2024-02-29,CUST0005,Pooja Verma,Bhopal,Madhya Pradesh,Central,Beauty,Face Wash,,731.41,0.15,,,,Debit Card,New
ORD00124,2024-13-40,CUST0162,Priya Verma,Chennai,Tamil Nadu,South,Beauty,Sunscreen SPF50,3,804.72,0.1,2172.74,1245.71,927.03,Debit Card,Returning
ORD00555,2024-03-19,CUST0337,Ishaan Nair,Pune,Maharashtra,West,home & kitchen,Steel Water Bottle,8,347.62,0,2780.96,2188.99,591.97,Credit Card,New
ORD00372,2024-08-03,CUST0487,Saanvi Patel,Bengaluru,Karnataka,South,Cloths,Men Cotton T-Shirt,5,1156.89,0.15,4916.78,2950.16,1966.62,Net Banking,Returning
ORD01154,2024-12-05,CUST0404,Rohit Das,Ahmedabad,Gujarat,West,sports,Football,3,2377.45,0.05,6775.73,4491.24,2284.49,UPI,New
ORD01248,2024-03-26,CUST0225,Pooja Iyer,Indore,Madhya Pradesh,Central,books,Cook Book,1,207.89,0.05,197.5,108.96,88.54,Net Banking,New
ORD01905,2023-02-10,CUST0233,Vivaan Verma,Jaipur,Rajasthan,North, Electronics,Webcam HD,3,1032.76,0.25,2323.71,1491.88,831.83,Credit Card,Returning
ORD00545,2024-01-22,CUST0129,Rohit Iyer,Bhubaneswar,Odisha,East, Clothing ,Running Shoes,7,611.28,0,4278.96,3226.93,1052.03,Net Banking,Returning
ORD01434,2024-13-40,CUST0035,Isha Das,Mumbai,Maharashtra,West,clothing,Men Cotton T-Shirt,7,1785.27,0.15,10622.36,8258.76,2363.6,UPI,Returning
ORD01669,2024-12-21,CUST0012,Neha Sharma,Patna,Bihar,East, Electronics,Power Bank 10000mAh,6,2389.28,0.15,12185.33,8410.07,3775.26,Credit Card,Returning
ORD01897,2024-05-09,CUST0508,Reyansh Singh,Chennai,Tamil Nadu,South,Electronics,Laptop Stand,2,2006.81,0,4013.62,2542.96,1470.66,UPI,New
ORD00731,2023-07-05,CUST0113,Priya Yadav,Ahmedabad,Gujarat,West,Clothing,Winter Jacket,7,1362.03,0.1,8580.79,6053.56,2527.23,UPI,New
ORD01070,2024-05-10,CUST0089,Kabir Yadav,Bhopal,Madhya Pradesh,Central,SPORTS,Football,6,1806.99,0,10841.94,8124.54,2717.4,Cash on Delivery,Returning
ORD01719,2023-03-11,CUST0320,Myra Yadav,Lucknow,Uttar Pradesh,North, Clothing ,Running Shoes,6,839.77,0,5038.62,3671.14,1367.48,Debit Card,New
ORD01508,2024-03-08,CUST0482,Aadhya Singh,Indore,Madhya Pradesh,Central,grocery,Almonds 500g,4,696.6,0,2786.4,1864.44,921.96,UPI,Returning
ORD00721,2024-02-10,CUST0050,Karan Gupta,Indore,Madhya Pradesh,Central,Sports,Skipping Rope,7,2489.01,0.15,14809.61,11070.69,3738.92,Net Banking,Returning
ORD00358,2023-04-09,CUST0211,Reyansh Iyer,Kolkata,West Bengal,East,clothing,Formal Shirt,2,546.45,0.1,983.61,774.3,209.31,Debit Card,Returning
ORD01860,2023-03-26,CUST0308,Myra Mehta,Hyderabad,Telangana,South,home & kitchen,Non-Stick Pan,6,1423.68,0,8542.08,6276.44,2265.64,Debit Card,New
ORD01955,2024-05-27,CUST0133,Karan Sharma,Mumbai,Maharashtra,West,books,Children Story Book,4,543.23,0.15,1846.98,1294.81,552.17,UPI,Returning
ORD00492,2023-04-29,CUST0115,Simran Nair,Pune,Maharashtra,West,Home and Kitchen,Steel Water Bottle,2,943.69,0.15,1604.27,1264.99,339.28,Cash on Delivery,New
ORD01057,2023-10-13,CUST0389,Kavya Kapoor, Chennai,Tamil Nadu,South,Grocery,Green Tea Pack,,719.13,0.2,,,,Net Banking,Returning
ORD01991,2024-06-13,CUST0360,Myra Kapoor,Chennai,Tamil Nadu,South, Clothing ,Denim Jeans,1,1774.56,0,1774.56,1188.6,585.96,Cash on Delivery,New
ORD01419,2023-05-06,CUST0366,Karan Kumar,Hyderabad,Telangana,South,Home and Kitchen,Non-Stick Pan,8,547.06,0,4376.48,2871.73,1504.75,Net Banking,New
ORD00247,2024-05-25,CUST0475,Diya Gupta,Bhubaneswar,Odisha,East,Grocery,Green Tea Pack,3,149.43,0,448.29,307.44,140.85,Credit Card,New
ORD00726,2023-08-27,CUST0223,Arjun Kumar,Ahmedabad,Gujarat,West,Home & Kitchen,Storage Container Set,8,359.04,0,2872.32,1898.57,973.75,Credit Card,Returning
ORD01156,2024-05-11,CUST0037,Aditya Sharma,Ahmedabad,Gujarat,West,Books,Self Help Book,5,530.94,0.15,2256.5,1655.83,600.67,UPI,Returning
ORD01125,2024-07-26,CUST0125,Aadhya Nair,Patna,Bihar,East,sports,Cricket Bat,-3,364.0,0,,,,Net Banking,New
ORD00343,2023-02-18,CUST0292,Vihaan Reddy,Chennai,Tamil Nadu,South,clothing,Formal Shirt,3,1953.45,0,5860.35,3459.44,2400.91,UPI,New
ORD00230,2023-08-14,CUST0236,Aarav Mehta,Ahmedabad,Gujarat,West,home & kitchen,LED Table Lamp,1,1110.06,0.1,999.05,572.71,426.34,Debit Card,New
ORD01638,2023-07-18,CUST0010,Aditya Singh,Bhopal,Madhya Pradesh,Central,home & kitchen,Steel Water Bottle,8,1372.32,0,10978.56,6626.44,4352.12,UPI,New
ORD01385,2023-10-16,CUST0213,Isha Verma,Delhi,Delhi,North,grocery,Almonds 500g,3,217.61,0.1,587.55,454.35,133.2,UPI,New
ORD00652,2024-10-08,CUST0254,Vihaan Mehta,Mumbai,Maharashtra,West,Home and Kitchen,Non-Stick Pan,7,1050.86,0.1,6620.42,5067.9,1552.52,UPI,New
ORD01539,2024-01-30,CUST0434,Sai Kumar,Delhi,Delhi,North,Home and Kitchen,Steel Water Bottle,4,809.45,0.1,2914.02,2326.95,587.07,Debit Card,Returning
ORD01512,2024-05-05,CUST0441,Rahul Kapoor,Kolkata,West Bengal,East,SPORTS,Cricket Bat,2,1666.33,0,3332.66,1970.11,1362.55,Credit Card,Returning
ORD01445,2024-07-05,CUST0482,Aadhya Singh,Kolkata,West Bengal,East,Books,Fiction Novel,6,622.24,0,3733.44,2148.13,1585.31,Cash on Delivery,New
ORD01134,2023-02-04,CUST0339,Aditya Nair,Mumbai,Maharashtra,West, Electronics,Bluetooth Speaker,4,1568.7,0.2,5019.84,3984.56,1035.28,Cash on Delivery,Returning
ORD00889,2023-10-23,CUST0071,Pooja Das,Pune,Maharashtra,West,Clothing,Men Cotton T-Shirt,2,1622.73,0.1,2920.91,2311.27,609.64,UPI,Returning
ORD01605,2024-02-21,CUST0054,Kabir Patel,Patna,Bihar,East,Beauty,Lipstick,4,114.16,0,456.64,339.03,117.61,Credit Card,Returning
ORD00822,2023-08-09,CUST0387,Saanvi Sharma,Mumbai,Maharashtra,West, Electronics,Laptop Stand,7,771.56,0,5400.92,3857.08,1543.84,Debit Card,Returning
ORD00875,2023-03-26,CUST0009,Vivaan Sharma,Delhi,Delhi,North,sports,Dumbbell Set 5kg,3,,0,,,,UPI,New
ORD00688,2024-04-14,CUST0250,Isha Yadav,Bhopal,Madhya Pradesh,Central, Grocery,Almonds 500g,6,434.52,0,2607.12,1682.84,924.28,UPI,Returning
ORD00216,2023-05-02,CUST0425,Arjun Nair,Ahmedabad,Gujarat,West,Home and Kitchen,Non-Stick Pan,8,821.73,0.2,5259.07,2922.0,2337.07,UPI,New
ORD00206,2024-02-05,CUST0303,Neha Mehta,Patna,Bihar,East,Cloths,Formal Shirt,6,1926.57,0,11559.42,6713.81,4845.61,UPI,Returning
ORD00266,2023-04-02,CUST0424,Arjun Singh,Bengaluru,Karnataka,South,home & kitchen,Storage Container Set,1,1199.59,0.15,1019.65,717.89,301.76,Net Banking,New
ORD01038,2024-06-02,CUST0030,Riya Iyer,Bengaluru,Karnataka,South,clothing,Denim Jeans,7,1788.01,0,12516.07,9294.51,3221.56,Debit Card,Returning
ORD01129,2024-08-08,CUST0441,Rahul Kapoor,Bhopal,Madhya Pradesh,Central,sports,Dumbbell Set 5kg,8,1132.76,0.25,6796.56,4104.48,2692.08,Credit Card,Returning
ORD01965,2023-12-27,CUST0097,Vihaan Kapoor,Delhi,Delhi,North,Cloths,Formal Shirt,4,1996.42,0.1,7187.11,4991.95,2195.16,Cash on Delivery,New
ORD00951,2023-05-30,CUST0542,Riya Nair,Jaipur,Rajasthan,North,sports,Yoga Mat,4,1986.6,0,7946.4,4848.5,3097.9,Debit Card,Returning
ORD00569,2024-01-23,CUST0053,Riya Reddy,Lucknow,Uttar Pradesh,North,electronics,Power Bank 10000mAh,,2957.95,0,,,,Net Banking,New
ORD00174,2023-06-04,CUST0206,Riya Mehta,Jaipur,Rajasthan,North, Beauty,Sunscreen SPF50,3,722.15,0,2166.45,1361.3,805.15,UPI,New
ORD01432,2023-04-05,CUST0257,Pooja Gupta,Noida,Uttar Pradesh,North,beauty,Hair Serum,2,855.23,0,1710.46,1175.42,535.04,UPI,New
ORD01917,2023-11-25,CUST0293,Rohit Singh,Bengaluru,Karnataka,South,home & kitchen,LED Table Lamp,8,274.67,0,2197.36,1237.98,959.38,UPI,New
ORD01401,2024-10-18,CUST0406,Aditya Patel,Bhubaneswar,Odisha,East,sports,Yoga Mat,3,761.79,0,2285.37,1811.77,473.6,Net Banking,New
ORD00953,2024-02-01,CUST0077,Vivaan Kapoor,Pune,Maharashtra,West,Books,Children Story Book,1,175.35,0,175.35,123.27,52.08,Debit Card,New
ORD01904,2023-03-01,CUST0399,Kavya Chauhan,Patna,Bihar,East,home & kitchen,Storage Container Set,6,1437.18,0,8623.08,6061.57,2561.51,UPI,Returning
ORD01748,2024-09-22,CUST0323,Riya Nair,Indore,Madhya Pradesh,Central, Beauty,Hair Serum,5,680.02,0.05,3230.09,2010.3,1219.79,UPI,New
ORD00706,2024-05-11,CUST0538,Myra Das,Chennai,Tamil Nadu,South, Clothing ,Winter Jacket,-1,881.02,0.05,,,,Credit Card,Returning
ORD00050,2023-05-28,CUST0002,Aarav Chauhan,Kolkata,West Bengal,East,Home & Kitchen,Steel Water Bottle,2,879.53,0,1759.06,1139.19,619.87,Net Banking,New
ORD00345,2023-05-29,CUST0328,Simran Verma,Delhi,Delhi,North,ELECTRONICS,Power Bank 10000mAh,8,2718.14,0,21745.12,16306.54,5438.58,Net Banking,Returning
ORD01721,2023-01-20,CUST0218,Ananya Das,Bhubaneswar,Odisha,East, Grocery,Cooking Oil 1L,6,256.07,0.05,1459.6,924.79,534.81,Credit Card,New
ORD01135,2024-03-27,CUST0367,Aadhya Nair,Delhi,Delhi,North,SPORTS,Dumbbell Set 5kg,4,312.95,0.25,938.85,685.13,253.72,Credit Card,Returning
ORD00212,2024-02-06,CUST0298,Pooja Chauhan,Delhi,Delhi,North, Beauty,Hair Serum,6,500.73,0,3004.38,2221.14,783.24,Credit Card,Returning
ORD00403,2024-07-05,CUST0309,Kavya Chauhan,Ahmedabad,Gujarat,West,Beauty,Sunscreen SPF50,2,231.88,0.25,347.82,275.11,72.71,Net Banking,New
ORD01231,2024-07-24,CUST0138,Kabir Patel,Lucknow,Uttar Pradesh,North,Home and Kitchen,LED Table Lamp,6,344.53,0,2067.18,1191.88,875.3,UPI,Returning
ORD00101,2024-12-06,CUST0513,Ananya Verma,Bhubaneswar,Odisha,East,Home & Kitchen,Non-Stick Pan,2,641.77,0.2,1026.83,813.49,213.34,Debit Card,New
ORD01544,2024-03-16,CUST0346,Rahul Sharma,Indore,Madhya Pradesh,Central,Sports,Football,,1864.34,0,,,,Debit Card,New
ORD01497,2024-09-20,CUST0221,Priya Kumar,Lucknow,Uttar Pradesh,North,books,Self Help Book,2,314.64,0.15,534.89,414.68,120.21,Credit Card,New
ORD00008,2024-06-05,CUST0426,Simran Verma,Indore,Madhya Pradesh,Central,beauty,Moisturizer Cream,3,405.87,0,1217.61,932.7,284.91,Debit Card,Returning
ORD00571,2024-04-06,CUST0185,Saanvi Iyer,Lucknow,Uttar Pradesh,North,electronics,Power Bank 10000mAh,1,615.46,0.15,523.14,351.02,172.12,Cash on Delivery,New
ORD00140,2023-08-31,CUST0323,Riya Nair,Bhopal,Madhya Pradesh,Central,grocery,Green Tea Pack,5,309.25,0,1546.25,1151.93,394.32,Cash on Delivery,New
ORD00007,2023-10-22,CUST0497,Isha Reddy,Pune,Maharashtra,West,electronics,Power Bank 10000mAh,1,1790.08,0,1790.08,1191.05,599.03,UPI,New
ORD00893,2023-02-12,CUST0193,Vihaan Das,Mumbai,Maharashtra,West,sports,Yoga Mat,6,1691.05,0,10146.3,8039.89,2106.41,Net Banking,New
ORD00452,2024-10-27,CUST0225,Pooja Iyer,Bhopal,Madhya Pradesh,Central, Clothing ,Women Kurti,5,1021.54,0,5107.7,4003.8,1103.9,Debit Card,Returning
ORD01993,2023-10-01,CUST0274,  Ananya Kapoor  ,Bhopal,Madhya Pradesh,Central,ELECTRONICS,Power Bank 10000mAh,1,838.74,0,838.74,558.01,280.73,Debit Card,Returning
ORD01884,2024-10-09,CUST0288,Neha Reddy,Jaipur,Rajasthan,North, Grocery,Green Tea Pack,7,124.8,0,873.6,666.39,207.21,UPI,Returning
ORD00041,2024-09-04,CUST0343,Kavya Nair,Pune,Maharashtra,West,Home & Kitchen,Steel Water Bottle,5,526.59,0,2632.95,1667.55,965.4,Cash on Delivery,New
ORD01929,2024-11-08,CUST0103,Aadhya Sharma,Indore,Madhya Pradesh,Central,Cloths,Denim Jeans,1,583.5,0.25,437.62,261.81,175.81,Cash on Delivery,New
ORD01896,2023-09-04,CUST0469,Aditya Kumar,Jaipur,Rajasthan,North,grocery,Cooking Oil 1L,5,884.85,0.15,3760.61,2980.35,780.26,Credit Card,New
ORD00249,2023-11-16,CUST0163,Vivaan Patel,Patna,Bihar,East,Books,Fiction Novel,5,258.3,0.05,1226.92,973.34,253.58,Credit Card,Returning
ORD01926,2024-05-31,CUST0006,Simran Chauhan,Hyderabad,Telangana,South,Sports,Cricket Bat,5,1164.1,0.2,4656.4,2561.83,2094.57,Debit Card,New
ORD01269,2024-05-25,CUST0160,Riya Singh,Chennai,Tamil Nadu,South,SPORTS,Dumbbell Set 5kg,2,935.13,0.15,1589.72,1001.9,587.82,UPI,New
ORD01412,2023-02-13,CUST0326,Saanvi Yadav,Chennai,Tamil Nadu,South,Books,Children Story Book,2,437.64,0.05,831.52,564.72,266.8,Debit Card,Returning
ORD00054,2024-01-31,CUST0192,Ishaan Reddy,Chennai,Tamil Nadu,South,books,Children Story Book,5,589.63,0,2948.15,1938.86,1009.29,Credit Card,Returning
ORD01620,2023-12-14,CUST0467,Kabir Mehta,Lucknow,Uttar Pradesh,North,grocery,Cooking Oil 1L,-2,644.14,0,,,,Credit Card,New
ORD00328,2023-04-01,CUST0309,Kavya Chauhan,Jaipur,Rajasthan,North,Beauty,Hair Serum,2,888.28,0.15,1510.08,1156.24,353.84,Cash on Delivery,New
ORD01632,2023-05-23,CUST0361,Priya Nair,Chennai,Tamil Nadu,South,clothing,Running Shoes,1,1494.88,0,1494.88,839.61,655.27,Net Banking,Returning
ORD01682,2023-01-11,CUST0238,Kabir Gupta,Noida,Uttar Pradesh,North,grocery,Cooking Oil 1L,5,271.91,0,1359.55,749.2,610.35,Debit Card,Returning
ORD00374,2023-06-04,CUST0308,Myra Mehta,Indore,Madhya Pradesh,Central,beauty,Lipstick,2,606.14,0.1,1091.05,824.75,266.3,Credit Card,Returning
ORD00302,2023-11-08,CUST0446,Vihaan Yadav,Bhubaneswar,Odisha,East,Home & Kitchen,Steel Water Bottle,-3,724.46,0.1,,,,UPI,Returning
ORD00872,2023-06-01,CUST0225,Pooja Iyer,Bhopal,Madhya Pradesh,Central, Clothing ,Women Kurti,6,1000.5,0.15,5102.55,3187.93,1914.62,Credit Card,New
ORD00657,2023-01-06,CUST0215,Ananya Gupta,Ahmedabad,Gujarat,West,sports,Skipping Rope,4,939.23,0,3756.92,2931.55,825.37,Net Banking,New
ORD01563,2023-05-30,CUST0435,Vihaan Das,Hyderabad,Telangana,South,Sports,Yoga Mat,4,2108.24,0.25,6324.72,3751.39,2573.33,UPI,Returning
ORD00961,2024-10-16,CUST0504,Reyansh Mehta,Bhopal,Madhya Pradesh,Central, Grocery,Cooking Oil 1L,4,333.99,0.2,1068.77,633.68,435.09,Cash on Delivery,Returning
ORD00026,2023-02-14,CUST0534,Arjun Gupta,Lucknow,Uttar Pradesh,North, Beauty,Face Wash,8,776.84,0,6214.72,4179.82,2034.9,Net Banking,New
ORD01945,2024-07-15,CUST0423,Aarav Das,Chennai,Tamil Nadu,South,Books,Fiction Novel,7,235.57,0.25,1236.74,934.21,302.53,Debit Card,New
ORD00803,2023-04-19,CUST0332,Aditya Kapoor,Bhubaneswar,Odisha,East, Beauty,Lipstick,8,741.9,0,5935.2,4684.14,1251.06,Credit Card,Returning
ORD01490,2023-08-14,CUST0086,Aarav Patel,Pune,Maharashtra,West,Home & Kitchen,Steel Water Bottle,1,251.06,0.05,238.51,158.22,80.29,Debit Card,New
ORD01931,2023-04-29,CUST0411,Reyansh Nair,Patna,Bihar,East, Grocery,Green Tea Pack,6,401.44,0.05,2288.21,1735.21,553.0,Cash on Delivery,Returning
ORD01457,2024-11-01,CUST0095,Kabir Iyer,Pune,Maharashtra,West, Clothing ,Formal Shirt,3,1843.69,0,5531.07,4110.42,1420.65,Cash on Delivery,New
ORD00783,2024-09-25,CUST0475,Diya Gupta,Hyderabad,Telangana,South,grocery,Green Tea Pack,4,452.55,0.25,1357.65,848.64,509.01,Cash on Delivery,Returning
ORD01019,2023-06-12,CUST0029,Vivaan Chauhan,Patna,Bihar,East, Grocery,Green Tea Pack,2,310.69,0.25,466.03,361.27,104.76,UPI,New
ORD00044,2024-09-24,CUST0386,Rohit Reddy,Delhi,Delhi,North,clothing,Formal Shirt,3,1525.01,0.15,3888.78,2796.39,1092.39,Credit Card,Returning
ORD01481,2023-05-23,CUST0028,Kabir Yadav,Lucknow,Uttar Pradesh,North, Electronics,Laptop Stand,3,2742.97,0.05,7817.46,5453.34,2364.12,Net Banking,Returning
ORD00577,2024-06-23,CUST0285,Kabir Gupta,Bhubaneswar,Odisha,East,SPORTS,Yoga Mat,7,1767.9,0.15,10519.01,6306.54,4212.47,UPI,Returning
ORD01513,,CUST0479,Kabir Das,Indore,Madhya Pradesh,Central,Clothing,Running Shoes,8,511.6,0,4092.8,2904.77,1188.03,Credit Card,New
ORD01230,2024-04-30,CUST0385,Aarav Kapoor,Kolkata,West Bengal,East,electronics,Power Bank 10000mAh,6,1151.68,0,6910.08,4613.04,2297.04,UPI,Returning
ORD00306,2024-05-25,CUST0243,Aditya Chauhan,Bhubaneswar,Odisha,East,sports,Dumbbell Set 5kg,6,275.96,0.25,1241.82,901.84,339.98,UPI,Returning
ORD01891,2023-06-16,CUST0527,Diya Gupta,Kolkata,West Bengal,East, Beauty,Face Wash,1,141.42,0.25,106.06,73.08,32.98,UPI,New
ORD00607,,CUST0163,Vivaan Patel,Jaipur,Rajasthan,North,SPORTS,Cricket Bat,7,1379.0,0,9653.0,6158.29,3494.71,Cash on Delivery,Returning
ORD01990,2024-10-18,CUST0031,Vihaan Reddy,Indore,Madhya Pradesh,Central,beauty,Face Wash,8,521.17,0.1,3752.42,2477.88,1274.54,Debit Card,New
ORD01868,2023-10-24,CUST0313,Kavya Patel,Hyderabad,Telangana,South,electronics,Webcam HD,1,1800.36,0,1800.36,1250.53,549.83,Net Banking,Returning
ORD01319,2023-09-09,CUST0406,Aditya Patel,Chennai,Tamil Nadu,South,books,Self Help Book,,371.5,0,,,,Cash on Delivery,New
ORD01958,2023-10-11,CUST0462,Kabir Das,Delhi,Delhi,North,sports,Skipping Rope,2,256.85,0.05,488.02,365.02,123.0,Debit Card,New
ORD01643,2024-02-13,CUST0225,Pooja Iyer,Chennai,Tamil Nadu,South,Home and Kitchen,LED Table Lamp,8,634.14,0.15,4312.15,3057.51,1254.64,UPI,Returning
ORD01636,2023-12-04,CUST0363,Saanvi Nair,Bengaluru,Karnataka,South,Grocery,Cooking Oil 1L,8,576.76,0.25,3460.56,2533.13,927.43,Net Banking,Returning
ORD00058,2023-07-10,CUST0397,Kavya Mehta,Bhopal,Madhya Pradesh,Central,Sports,Football,8,692.51,0.25,4155.06,2493.22,1661.84,Credit Card,New
ORD01910,2024-12-28,CUST0381,Riya Reddy,Ahmedabad,Gujarat,West,Books,Cook Book,7,446.19,0.2,2498.66,1559.03,939.63,Debit Card,Returning
ORD01344,2023-07-29,CUST0508,Reyansh Singh,Jaipur,Rajasthan,North, Clothing ,Women Kurti,7,1394.53,0.2,7809.37,4875.24,2934.13,Credit Card,Returning
ORD01865,2023-01-28,CUST0490,Aarav Verma,Kolkata,West Bengal,East,Home & Kitchen,Storage Container Set,4,1374.51,0.2,4398.43,2428.11,1970.32,Cash on Delivery,New
ORD00434,2024-12-14,CUST0128,Diya Sharma,Chennai,Tamil Nadu,South,Home & Kitchen,Ceramic Mug Set,-3,224.72,0.15,,,,Credit Card,New
ORD01000,2024-04-02,CUST0352,Priya Singh,Patna,Bihar,East,books,Self Help Book,4,169.36,0.2,541.95,349.6,192.35,Credit Card,New
ORD00151,2024-10-26,CUST0366,Karan Kumar,Noida,Uttar Pradesh,North,Books,Cook Book,5,219.04,0.2,876.16,668.24,207.92,Cash on Delivery,New
ORD00507,2024-03-20,CUST0254,Vihaan Mehta,Pune,Maharashtra,West,Home & Kitchen,Steel Water Bottle,7,284.75,0.15,1694.26,1316.97,377.29,Debit Card,New
ORD00388,2024-09-03,CUST0098,Karan Kumar,Hyderabad,Telangana,South,Electronics,USB-C Charger,8,2751.21,0,22009.68,12134.82,9874.86,Cash on Delivery,Returning
ORD01409,,CUST0412,Diya Mehta,Bengaluru,Karnataka,South,Books,Fiction Novel,3,269.7,0,809.1,523.41,285.69,Cash on Delivery,New
ORD01159,2024-06-04,CUST0339,Aditya Nair,Mumbai,Maharashtra,West,home & kitchen,Non-Stick Pan,1,1317.24,0.2,1053.79,781.37,272.42,Debit Card,New
ORD00172,2024-07-25,CUST0100,Neha Singh,Chennai,Tamil Nadu,South,Cloths,Formal Shirt,3,1908.77,0,5726.31,3467.64,2258.67,Credit Card,Returning
ORD00744,2023-05-08,CUST0466,Pooja Das,Delhi,Delhi,North,ELECTRONICS,USB-C Charger,1,1329.05,0,1329.05,939.27,389.78,Net Banking,New
ORD00711,2024-10-12,CUST0468,Ishaan Kapoor,Mumbai,Maharashtra,West,home & kitchen,Steel Water Bottle,3,626.23,0.1,1690.82,1332.13,358.69,Debit Card,Returning
ORD01292,2023-10-03,CUST0093,Riya Sharma,Delhi,Delhi,North,Sports,Dumbbell Set 5kg,7,919.03,0,6433.21,5068.37,1364.84,UPI,New
ORD00142,2023-06-01,CUST0255,Priya Kapoor,Jaipur,Rajasthan,North, Beauty,Face Wash,5,755.07,0.2,3020.28,2306.44,713.84,Cash on Delivery,New
ORD00694,2023-12-27,CUST0426,Simran Verma,Ahmedabad,Gujarat,West,ELECTRONICS,Webcam HD,4,1312.27,0.2,4199.26,2946.96,1252.3,UPI,New
ORD01337,2024-12-19,CUST0523,Saanvi Verma,Hyderabad,Telangana,South,Clothing,Denim Jeans,8,1995.73,0.15,13570.96,8401.93,5169.03,Net Banking,Returning
ORD00485,2023-01-10,CUST0008,Rohit Reddy,Patna,Bihar,East,Sports,Yoga Mat,1,1063.03,0.1,956.73,749.15,207.58,Net Banking,Returning
ORD01921,2023-01-24,CUST0508,Reyansh Singh,Pune,Maharashtra,West,beauty,Lipstick,2,110.58,0.25,165.87,125.01,40.86,Debit Card,Returning
ORD00194,2024-06-08,CUST0322,Karan Mehta,Bhubaneswar,Odisha,East,Books,Self Help Book,5,526.64,0,2633.2,2094.27,538.93,Credit Card,Returning
ORD00727,2023-07-23,CUST0390,Myra Iyer,Kolkata,West Bengal,East,Grocery,Basmati Rice 5kg,2,245.59,0.25,368.38,270.82,97.56,Debit Card,Returning
ORD00076,2024-06-27,CUST0239,Pooja Nair,Mumbai,Maharashtra,West, Electronics,USB-C Charger,2,2138.22,0,4276.44,2787.07,1489.37,Net Banking,Returning
ORD00768,2024-02-18,CUST0085,Priya Kapoor,Chennai,Tamil Nadu,South, Electronics,Wireless Mouse,8,1945.09,0.1,14004.65,10401.4,3603.25,UPI,New
ORD00911,2024-13-40,CUST0419,Karan Verma,Pune,Maharashtra,West,Home and Kitchen,Steel Water Bottle,4,320.53,0,1282.12,735.14,546.98,Debit Card,New
ORD01581,2023-09-05,CUST0540,Neha Singh,Jaipur,Rajasthan,North,Home and Kitchen,Non-Stick Pan,1,602.61,0,602.61,367.99,234.62,Credit Card,Returning
ORD01268,2024-01-09,CUST0398,Simran Patel,Bhubaneswar,Odisha,East,home & kitchen,Storage Container Set,6,501.47,0,3008.82,1657.21,1351.61,UPI,New
ORD01349,2023-12-08,CUST0073,Kavya Mehta,Kolkata,West Bengal,East, Clothing ,Women Kurti,1,621.79,0.1,559.61,426.95,132.66,Debit Card,Returning
ORD01084,2024-12-13,CUST0491,  Ananya Singh  ,Hyderabad,Telangana,South,Home and Kitchen,Storage Container Set,4,1059.88,0.1,3815.57,2391.18,1424.39,Debit Card,New
ORD00780,2024-11-30,CUST0257,Pooja Gupta,Jaipur,Rajasthan,North,books,Cook Book,3,398.82,0.05,1136.64,666.19,470.45,Credit Card,Returning
ORD01440,2024-10-13,CUST0249,Vivaan Kumar,Lucknow,Uttar Pradesh,North,books,Self Help Book,4,344.92,0,1379.68,874.24,505.44,Credit Card,Returning
ORD01105,2023-12-13,CUST0138,Kabir Patel,Bhubaneswar,Odisha,East,home & kitchen,Storage Container Set,1,673.07,0.05,639.42,393.36,246.06,Credit Card,New
ORD01185,2023-08-06,CUST0354,Arjun Yadav,Bhubaneswar,Odisha,East, Beauty,Sunscreen SPF50,6,615.04,0.15,3136.7,2028.98,1107.72,UPI,Returning
ORD01449,2024-08-09,CUST0082,Kavya Reddy,Patna,Bihar,East,electronics,Power Bank 10000mAh,7,2239.23,0,15674.61,11052.25,4622.36,Net Banking,New
ORD00964,2023-01-03,CUST0148,Isha Reddy,Pune,Maharashtra,West,Books,Self Help Book,6,329.34,0.2,1580.83,1137.7,443.13,Debit Card,New
ORD01576,2024-02-15,CUST0492,Kavya Chauhan,Jaipur,Rajasthan,North,books,Children Story Book,8,640.91,0.25,3845.46,2715.17,1130.29,UPI,Returning
ORD00435,2023-08-15,CUST0506,Priya Yadav,Jaipur,Rajasthan,North,ELECTRONICS,Laptop Stand,4,318.27,0.2,1018.46,588.4,430.06,Debit Card,Returning
ORD01436,2024-02-16,CUST0256,Myra Das,Noida,Uttar Pradesh,North, Grocery,Cooking Oil 1L,3,349.09,0.15,890.18,541.25,348.93,Cash on Delivery,New
ORD01733,2024-10-15,CUST0115,Simran Nair,Patna,Bihar,East,books,Cook Book,4,400.96,0.1,1443.46,800.31,643.15,Cash on Delivery,New
ORD01692,2024-02-22,CUST0532,Rohit Patel,Delhi,Delhi,North, Beauty,Sunscreen SPF50,8,805.52,0.25,4833.12,3378.52,1454.6,Net Banking,New
ORD01890,2023-03-10,CUST0458,Riya Chauhan,Noida,Uttar Pradesh,North,home & kitchen,Ceramic Mug Set,5,1105.25,0,5526.25,3363.05,2163.2,UPI,Returning
ORD00377,2024-02-11,CUST0144,Saanvi Yadav,Noida,Uttar Pradesh,North,Electronics,Webcam HD,5,1639.42,0,8197.1,6092.89,2104.21,Debit Card,Returning
ORD00228,2023-08-20,CUST0200,Kabir Singh,Chennai,Tamil Nadu,South, Beauty,Face Wash,7,503.99,0.1,3175.14,2016.19,1158.95,UPI,Returning
ORD01468,2023-01-31,CUST0322,Karan Mehta,Noida,Uttar Pradesh,North,home & kitchen,Storage Container Set,3,,0.2,,,,Debit Card,New
ORD00903,2023-05-31,CUST0127,Ishaan Verma,Indore,Madhya Pradesh,Central,home & kitchen,Ceramic Mug Set,5,775.44,0,3877.2,2332.89,1544.31,Debit Card,New
ORD01538,2023-08-21,CUST0418,Isha Singh,Kolkata,West Bengal,East,Clothing,Formal Shirt,7,584.85,0.25,3070.46,2179.21,891.25,UPI,New
ORD00022,2024-09-22,CUST0287,Vivaan Verma,Mumbai,Maharashtra,West,books,Self Help Book,4,619.5,0.15,2106.3,1445.17,661.13,Debit Card,New
ORD00948,2023-02-01,CUST0179,Ananya Singh,Bhubaneswar,Odisha,East,Cloths,Running Shoes,4,1182.99,0.15,4022.17,2865.99,1156.18,Cash on Delivery,New
ORD01408,2024-02-13,CUST0185,Saanvi Iyer, Pune,Maharashtra,West,Books,Children Story Book,2,234.08,0.2,374.53,285.33,89.2,UPI,New
ORD00301,2023-03-04,CUST0143,Ishaan Yadav,Bhopal,Madhya Pradesh,Central,SPORTS,Yoga Mat,3,1240.84,0.25,2791.89,1672.11,1119.78,Debit Card,Returning
ORD01216,2024-11-06,CUST0004,Ishaan Gupta,Kolkata,West Bengal,East,clothing,Running Shoes,5,1894.42,0.1,8524.89,6545.34,1979.55,Debit Card,New
ORD00920,2024-10-13,CUST0152,Karan Verma, Kolkata,West Bengal,East,Beauty,Sunscreen SPF50,2,689.19,0,1378.38,992.89,385.49,Debit Card,New
ORD00924,,CUST0268,Rahul Verma,Bhopal,Madhya Pradesh,Central, Clothing ,Denim Jeans,2,913.49,0,1826.98,1189.9,637.08,Cash on Delivery,New
ORD00478,2024-04-25,CUST0195,Neha Sharma,Mumbai,Maharashtra,West,ELECTRONICS,Laptop Stand,7,2837.77,0.15,16884.73,10907.69,5977.04,Debit Card,New
ORD01870,2024-03-17,CUST0409,Vivaan Kumar,Chennai,Tamil Nadu,South,ELECTRONICS,Power Bank 10000mAh,2,2759.47,0.05,5242.99,3789.08,1453.91,Cash on Delivery,New
ORD00831,2024-05-04,CUST0043,Karan Kapoor,Patna,Bihar,East,Beauty,Sunscreen SPF50,1,303.63,0.2,242.9,179.32,63.58,UPI,Returning
ORD00245,2024-06-13,CUST0279,Aditya Yadav, Lucknow,Uttar Pradesh,North,books,Cook Book,2,249.32,0.25,373.98,263.44,110.54,Debit Card,Returning
ORD01254,2023-05-07,CUST0505,Vihaan Chauhan,Ahmedabad,Gujarat,West,Clothing,Running Shoes,4,303.29,0.05,1152.5,722.25,430.25,Debit Card,Returning
ORD01107,2024-02-16,CUST0275,Ishaan Singh,Bhubaneswar,Odisha,East, Grocery,Green Tea Pack,6,969.35,0.25,4362.08,3479.99,882.09,Debit Card,Returning
ORD01184,2023-12-04,CUST0243,Aditya Chauhan,Kolkata,West Bengal,East,SPORTS,Dumbbell Set 5kg,2,1471.66,0.05,2796.15,1548.07,1248.08,Net Banking,Returning
ORD01278,2023-01-10,CUST0330,Simran Patel,Bengaluru,Karnataka,South,Beauty,Sunscreen SPF50,8,498.85,0.1,3591.72,2118.02,1473.7,UPI,New
ORD00109,2024-09-04,CUST0411,Reyansh Nair,Hyderabad,Telangana,South,SPORTS,Dumbbell Set 5kg,6,1812.76,0,10876.56,6279.5,4597.06,Credit Card,Returning
ORD00954,2023-11-26,CUST0418,  Isha Singh  ,Ahmedabad,Gujarat,West,clothing,Running Shoes,7,1364.86,0.15,8120.92,4914.19,3206.73,Debit Card,Returning
ORD01366,2023-10-30,CUST0264,Simran Kapoor,Ahmedabad,Gujarat,West,Home and Kitchen,Steel Water Bottle,1,613.73,0.1,552.36,399.56,152.8,Debit Card,New
ORD01616,2023-10-11,CUST0079,Karan Gupta,Lucknow,Uttar Pradesh,North,books,Cook Book,2,429.9,0.2,687.84,466.2,221.64,UPI,Returning
ORD01737,2024-06-25,CUST0355,Riya Patel,Bengaluru,Karnataka,South,Home & Kitchen,Storage Container Set,8,825.74,0.05,6275.62,3607.57,2668.05,Net Banking,Returning
ORD00988,2024-01-07,CUST0273,Riya Mehta,Chennai,Tamil Nadu,South, Clothing ,Women Kurti,1,852.24,0.25,639.18,412.66,226.52,Cash on Delivery,New
ORD00647,2023-09-11,CUST0119,Reyansh Iyer, Delhi,Delhi,North,beauty,Face Wash,7,662.86,0.25,3480.02,2644.92,835.1,Net Banking,Returning
ORD00014,2024-01-27,CUST0247,Priya Gupta,Chennai,Tamil Nadu,South,Sports,Cricket Bat,5,1256.01,0.25,4710.04,3651.71,1058.33,Cash on Delivery,New
ORD00488,2024-11-25,CUST0497,Isha Reddy,Bengaluru,Karnataka,South,Books,Children Story Book,8,691.78,0,5534.24,4059.75,1474.49,Debit Card,New
ORD00416,2023-11-16,CUST0164,Priya Kapoor,Mumbai,Maharashtra,West,ELECTRONICS,Bluetooth Speaker,5,2260.57,0,11302.85,8284.95,3017.9,Debit Card,Returning
ORD00854,2024-09-22,CUST0453,Aarav Kapoor,Kolkata,West Bengal,East,Cloths,Women Kurti,7,585.25,0.05,3891.91,2446.27,1445.64,Net Banking,Returning
ORD01483,2023-04-08,CUST0050,Karan Gupta,Pune,Maharashtra,West,Sports,Cricket Bat,4,1324.64,0,5298.56,2916.94,2381.62,UPI,New
ORD00508,2023-01-11,CUST0228,Reyansh Chauhan,Bengaluru,Karnataka,South,Electronics,Bluetooth Speaker,5,1888.83,0,9444.15,6443.18,3000.97,Cash on Delivery,Returning
ORD01375,2023-08-04,CUST0415,Aditya Nair,Lucknow,Uttar Pradesh,North,Home & Kitchen,Storage Container Set,3,617.81,0.2,1482.74,1162.01,320.73,Net Banking,Returning
ORD00802,2023-06-03,CUST0203,Kabir Reddy,Mumbai,Maharashtra,West,beauty,Moisturizer Cream,5,281.19,0.25,1054.46,694.06,360.4,Credit Card,Returning
ORD01912,2024-09-08,CUST0543,Ananya Kapoor,Jaipur,Rajasthan,North,Sports,Football,3,1409.2,0,4227.6,2558.7,1668.9,Net Banking,Returning
ORD00390,2023-05-11,CUST0288,Neha Reddy,Bhubaneswar,Odisha,East,home & kitchen,LED Table Lamp,5,995.81,0.1,4481.14,3043.78,1437.36,Net Banking,New
ORD01317,2023-03-31,CUST0530,Aditya Reddy,Bhubaneswar,Odisha,East,SPORTS,Yoga Mat,3,1240.47,0,3721.41,2583.46,1137.95,UPI,New
ORD00103,2024-10-11,CUST0399,Kavya Chauhan,Jaipur,Rajasthan,North,Home & Kitchen,Non-Stick Pan,-2,777.16,0,,,,Credit Card,New
ORD00202,2023-01-26,CUST0384,Rohit Chauhan,Hyderabad,Telangana,South, Grocery,Almonds 500g,5,907.45,0,4537.25,3571.06,966.19,Credit Card,New
ORD00648,2023-10-02,CUST0419,Karan Verma,Mumbai,Maharashtra,West,sports,Football,7,1099.17,0.2,6155.35,3786.62,2368.73,UPI,Returning
ORD01718,2023-06-17,CUST0477,Isha Yadav,Bhubaneswar,Odisha,East,Grocery,Almonds 500g,1,746.73,0,746.73,517.98,228.75,UPI,Returning
ORD01034,2024-09-05,CUST0060,Diya Reddy,Indore,Madhya Pradesh,Central,books,Children Story Book,7,638.03,0,4466.21,2535.0,1931.21,UPI,Returning
ORD01115,2024-01-01,CUST0450,Simran Mehta,Bhopal,Madhya Pradesh,Central,Sports,Yoga Mat,6,947.61,0,5685.66,3178.8,2506.86,Credit Card,Returning
ORD00625,2024-11-25,CUST0548,Vihaan Yadav,Chennai,Tamil Nadu,South, Beauty,Hair Serum,5,229.04,0.05,1087.94,634.23,453.71,UPI,Returning
ORD00662,2023-09-18,CUST0208,Riya Das,Pune,Maharashtra,West,Sports,Yoga Mat,5,609.15,0,3045.75,2281.94,763.81,Cash on Delivery,Returning
ORD00133,2023-06-29,CUST0141,Pooja Das,Bhubaneswar,Odisha,East,electronics,Laptop Stand,5,749.8,0.1,3374.1,2474.0,900.1,UPI,New
ORD01753,2024-02-07,CUST0296,Aarav Iyer,Pune,Maharashtra,West, Clothing ,Denim Jeans,7,327.77,0.25,1720.79,1097.26,623.53,UPI,New
ORD00624,2023-12-11,CUST0269,Kavya Kapoor,Ahmedabad,Gujarat,West, Grocery,Cooking Oil 1L,6,752.21,0.2,3610.61,2692.26,918.35,UPI,New
ORD00071,2024-12-05,CUST0486,Ishaan Chauhan,Lucknow,Uttar Pradesh,North,Books,Fiction Novel,3,437.33,0.2,1049.59,616.05,433.54,Credit Card,New
ORD00293,2024-02-01,CUST0535,Rohit Kumar,Pune,Maharashtra,West,ELECTRONICS,Wireless Mouse,2,1198.88,0,2397.76,1630.82,766.94,Debit Card,New
ORD01740,2024-02-06,CUST0208,Riya Das,Ahmedabad,Gujarat,West,grocery,Cooking Oil 1L,1,123.75,0.1,111.38,67.48,43.9,Credit Card,Returning
ORD01175,2023-03-06,CUST0334,  Ananya Singh  ,Bhubaneswar,Odisha,East, Grocery,Basmati Rice 5kg,8,542.71,0,4341.68,2846.51,1495.17,Debit Card,New
ORD00227,2024-02-14,CUST0405,Simran Sharma,Bengaluru,Karnataka,South,Sports,Skipping Rope,,1817.33,0.1,,,,Cash on Delivery,Returning
ORD01331,2023-05-31,CUST0348,Myra Singh,Kolkata,West Bengal,East, Clothing ,Formal Shirt,2,,0,,,,Cash on Delivery,Returning
ORD00685,2024-07-01,CUST0115,Simran Nair,Ahmedabad,Gujarat,West, Clothing ,Running Shoes,2,554.66,0.1,998.39,598.44,399.95,Cash on Delivery,Returning
ORD01751,2024-05-30,CUST0218,Ananya Das,Pune,Maharashtra,West,electronics,Wireless Mouse,6,2358.9,0.15,12030.39,8041.72,3988.67,Credit Card,Returning
ORD01677,2024-03-02,CUST0097,Vihaan Kapoor,Chennai,Tamil Nadu,South,Clothing,Denim Jeans,7,1252.55,0,8767.85,5920.5,2847.35,Cash on Delivery,New
ORD00543,2024-08-05,CUST0427,Rohit Singh,Delhi,Delhi,North,Grocery,Almonds 500g,5,522.17,0.25,1958.14,1459.5,498.64,UPI,Returning
ORD01495,2024-08-25,CUST0169,Kavya Sharma,Lucknow,Uttar Pradesh,North, Grocery,Green Tea Pack,2,118.51,0,237.02,149.02,88.0,Net Banking,New
ORD00362,2024-03-14,CUST0072,Myra Das,Bhopal,Madhya Pradesh,Central,grocery,Green Tea Pack,8,703.89,0,5631.12,3264.95,2366.17,Net Banking,Returning
ORD00556,2024-09-07,CUST0064,Reyansh Patel,Bhopal,Madhya Pradesh,Central,grocery,Almonds 500g,4,147.67,0.2,472.54,291.78,180.76,Credit Card,New
ORD01857,2023-05-28,CUST0254,Vihaan Mehta,Jaipur,Rajasthan,North, Beauty,Hair Serum,2,129.55,0,259.1,166.21,92.89,Credit Card,New
ORD00066,2024-09-22,CUST0164,Priya Kapoor,Indore,Madhya Pradesh,Central,Home and Kitchen,LED Table Lamp,3,846.75,0.25,1905.19,1466.56,438.63,Net Banking,New
ORD00466,2024-04-17,CUST0249,Vivaan Kumar,Bhubaneswar,Odisha,East,Beauty,Sunscreen SPF50,3,235.47,0,706.41,419.83,286.58,UPI,Returning
ORD01685,2023-07-16,CUST0421,Aarav Singh,Hyderabad,Telangana,South,Beauty,Hair Serum,3,301.92,0.2,724.61,399.41,325.2,UPI,Returning
ORD01728,2023-03-18,CUST0550,Reyansh Kumar,Patna,Bihar,East,Home and Kitchen,Ceramic Mug Set,3,211.04,0.25,474.84,312.9,161.94,UPI,Returning
ORD00298,2023-04-26,CUST0473,Kavya Mehta,Indore,Madhya Pradesh,Central,Cloths,Denim Jeans,3,1162.51,0,3487.53,2202.26,1285.27,UPI,Returning
ORD00386,2024-11-20,CUST0230,Simran Patel,Bhubaneswar,Odisha,East,clothing,Denim Jeans,8,948.52,0.05,7208.75,5046.27,2162.48,Debit Card,New
ORD00608,2023-05-24,CUST0311,Arjun Singh,Bhopal,Madhya Pradesh,Central,Beauty,Sunscreen SPF50,8,583.67,0.1,4202.42,2447.3,1755.12,Debit Card,Returning
ORD01192,2023-08-31,CUST0147,Simran Reddy,Patna,Bihar,East,beauty,Moisturizer Cream,5,527.86,0.05,2507.34,1766.1,741.24,Cash on Delivery,Returning
ORD01628,2024-04-12,CUST0443,Vihaan Chauhan,Noida,Uttar Pradesh,North,books,Children Story Book,5,214.82,0,1074.1,751.24,322.86,UPI,New
ORD01903,2024-08-23,CUST0489,Riya Yadav,Kolkata,West Bengal,East,Home & Kitchen,Non-Stick Pan,6,1193.13,0,7158.78,4270.04,2888.74,Credit Card,Returning
ORD01293,2023-07-22,CUST0471,Riya Das,Lucknow,Uttar Pradesh,North,sports,Football,1,1082.04,0.1,973.84,691.65,282.19,Cash on Delivery,New
ORD01916,2023-12-27,CUST0411,Reyansh Nair,Noida,Uttar Pradesh,North,books,Children Story Book,7,274.32,0.15,1632.2,1271.87,360.33,Debit Card,New
ORD01308,2024-11-05,CUST0229,Diya Singh,Patna,Bihar,East,electronics,Bluetooth Speaker,2,332.56,0.1,598.61,371.6,227.01,UPI,Returning
ORD00168,2023-01-21,CUST0010,Aditya Singh,Chennai,Tamil Nadu,South,clothing,Running Shoes,4,728.06,0.1,2621.02,1908.59,712.43,Debit Card,Returning
ORD01661,2024-08-19,CUST0353,Vihaan Nair,Chennai,Tamil Nadu,South,books,Cook Book,2,508.49,0,1016.98,759.54,257.44,Cash on Delivery,Returning
ORD01194,2023-02-23,CUST0049,Aditya Das,Jaipur,Rajasthan,North,Home and Kitchen,Non-Stick Pan,8,598.43,0.15,4069.32,2887.82,1181.5,Debit Card,New
ORD01641,2024-06-06,CUST0414,Myra Kumar,Indore,Madhya Pradesh,Central,books,Children Story Book,3,475.15,0,1425.45,1094.97,330.48,Credit Card,New
ORD01085,2024-04-14,CUST0161,Aditya Nair,Jaipur,Rajasthan,North,Home & Kitchen,Storage Container Set,6,1275.97,0.05,7273.03,5791.82,1481.21,Debit Card,Returning
ORD01901,2024-12-24,CUST0528,Vivaan Kumar,Noida,Uttar Pradesh,North,Home and Kitchen,LED Table Lamp,7,838.22,0.25,4400.65,3372.25,1028.4,Credit Card,Returning
ORD01777,2023-12-21,CUST0150,Pooja Sharma,Lucknow,Uttar Pradesh,North,books,Children Story Book,2,184.41,0.2,295.06,233.33,61.73,Net Banking,New
ORD01922,2023-11-04,CUST0506,Priya Yadav,Ahmedabad,Gujarat,West,clothing,Running Shoes,1,1564.14,0.15,1329.52,774.7,554.82,Cash on Delivery,New
ORD00474,2023-12-17,CUST0056,Ishaan Patel,Bhopal,Madhya Pradesh,Central,Books,Self Help Book,7,435.81,0,3050.67,1727.15,1323.52,Net Banking,New
ORD00471,2023-11-05,CUST0512,Aadhya Das, Pune,Maharashtra,West,Books,Children Story Book,6,688.78,0,4132.68,2616.03,1516.65,Debit Card,Returning
ORD01710,2024-04-23,CUST0422,Reyansh Kapoor,Delhi,Delhi,North,Beauty,Lipstick,4,653.48,0.25,1960.44,1434.85,525.59,Credit Card,Returning
ORD01427,2023-08-12,CUST0366,Karan Kumar,Bhubaneswar,Odisha,East,books,Children Story Book,3,500.65,0.25,1126.46,725.34,401.12,Debit Card,New
ORD00748,2023-09-02,CUST0432,Pooja Chauhan,Indore,Madhya Pradesh,Central, Beauty,Face Wash,8,780.79,0,6246.32,4903.67,1342.65,Net Banking,New
ORD00494,2023-08-13,CUST0467,Kabir Mehta,Delhi,Delhi,North,sports,Cricket Bat,1,1576.42,0,1576.42,974.8,601.62,Cash on Delivery,Returning
ORD01377,2023-03-08,CUST0194,Ishaan Das, Noida,Uttar Pradesh,North,Grocery,Green Tea Pack,4,964.37,0,3857.48,2704.72,1152.76,Cash on Delivery,New
ORD00415,2023-07-30,CUST0453,Aarav Kapoor,Bhubaneswar,Odisha,East,Home and Kitchen,Ceramic Mug Set,5,308.57,0.2,1234.28,902.6,331.68,Credit Card,Returning
ORD01227,2023-07-29,CUST0390,Myra Iyer,Kolkata,West Bengal,East, Electronics,Wireless Mouse,8,683.84,0.1,4923.65,3097.24,1826.41,Debit Card,Returning
ORD01494,2023-10-14,CUST0354,Arjun Yadav,Noida,Uttar Pradesh,North,Grocery,Almonds 500g,6,704.38,0.2,3381.02,2378.21,1002.81,Net Banking,Returning
ORD00785,2023-07-22,CUST0325,Reyansh Iyer,Chennai,Tamil Nadu,South,clothing,Winter Jacket,1,1448.52,0,1448.52,804.46,644.06,UPI,Returning
ORD01789,2024-10-13,CUST0359,Pooja Iyer,Bhopal,Madhya Pradesh,Central,Home and Kitchen,Non-Stick Pan,5,845.03,0.15,3591.38,2645.19,946.19,Credit Card,Returning
ORD01071,2023-08-07,CUST0423,Aarav Das,Jaipur,Rajasthan,North,Cloths,Denim Jeans,2,1001.81,0,2003.62,1591.58,412.04,Credit Card,Returning
ORD00171,2023-09-23,CUST0415,Aditya Nair,Bengaluru,Karnataka,South,Books,Self Help Book,4,526.47,0.25,1579.41,1226.62,352.79,Debit Card,Returning
ORD00365,2023-07-03,CUST0335,Reyansh Gupta,Delhi,Delhi,North,Home and Kitchen,Steel Water Bottle,2,1058.4,0.25,1587.6,1187.82,399.78,Credit Card,Returning
ORD00146,2024-06-22,CUST0020,Sai Chauhan,Bengaluru,Karnataka,South, Grocery,Green Tea Pack,8,408.63,0.15,2778.68,1798.07,980.61,Credit Card,New
ORD00156,2023-04-09,CUST0503,Vihaan Chauhan,Delhi,Delhi,North,ELECTRONICS,Wireless Mouse,5,2523.52,0.25,9463.2,5677.15,3786.05,UPI,New
ORD00947,2023-08-17,CUST0145,Myra Singh,Ahmedabad,Gujarat,West,beauty,Hair Serum,1,425.26,0.25,318.94,187.78,131.16,UPI,Returning
ORD00654,2024-08-13,CUST0299,Pooja Patel,Bengaluru,Karnataka,South,electronics,Laptop Stand,8,1066.94,0.05,8108.74,5235.02,2873.72,Net Banking,Returning
ORD00006,2023-11-28,CUST0414,Myra Kumar,Indore,Madhya Pradesh,Central,Sports,Skipping Rope,1,630.44,0.25,472.83,333.98,138.85,UPI,New
ORD01766,2023-03-17,CUST0471,Riya Das,Noida,Uttar Pradesh,North,sports,Football,2,519.42,0.05,986.9,543.09,443.81,Cash on Delivery,New
ORD00873,2024-11-09,CUST0322,Karan Mehta,Bhopal,Madhya Pradesh,Central, Electronics,Laptop Stand,3,1417.4,0.15,3614.37,2835.11,779.26,UPI,Returning
ORD00086,2023-07-02,CUST0403,Aarav Reddy,Hyderabad,Telangana,South,clothing,Men Cotton T-Shirt,5,1086.11,0.2,4344.44,2967.18,1377.26,Credit Card,New
ORD00999,2024-12-18,CUST0420,Karan Sharma,Chennai,Tamil Nadu,South, Grocery,Cooking Oil 1L,2,203.34,0,406.68,236.84,169.84,Credit Card,New
ORD01127,2024-01-13,CUST0275,Ishaan Singh,Pune,Maharashtra,West,ELECTRONICS,USB-C Charger,1,1836.85,0.2,1469.48,1025.85,443.63,Credit Card,Returning
ORD00895,2023-02-26,CUST0141,Pooja Das, Bhubaneswar,Odisha,East,home & kitchen,Storage Container Set,7,1474.7,0.15,8774.47,4990.72,3783.75,Debit Card,Returning
ORD01796,2024-08-14,CUST0233,Vivaan Verma,Mumbai,Maharashtra,West,books,Children Story Book,2,556.26,0.25,834.39,579.34,255.05,Cash on Delivery,New
ORD01287,2024-05-15,CUST0383,Myra Reddy, Mumbai,Maharashtra,West, Beauty,Face Wash,7,,0.25,,,,Debit Card,Returning
ORD01794,2023-12-06,CUST0147,Simran Reddy,Chennai,Tamil Nadu,South,grocery,Green Tea Pack,2,177.99,0.15,302.58,239.64,62.94,Cash on Delivery,Returning
ORD00231,2023-11-18,CUST0276,Aarav Patel,Delhi,Delhi,North,Books,Cook Book,4,553.49,0.05,2103.26,1277.31,825.95,Credit Card,Returning
ORD00644,2024-10-03,CUST0009,Vivaan Sharma,Noida,Uttar Pradesh,North, Clothing ,Women Kurti,5,1098.2,0,5491.0,4027.05,1463.95,Debit Card,New
ORD00932,2023-02-28,CUST0299,Pooja Patel,Noida,Uttar Pradesh,North,clothing,Women Kurti,6,629.36,0.15,3209.74,2474.29,735.45,UPI,Returning
ORD00295,2023-11-23,CUST0291,Neha Iyer,Kolkata,West Bengal,East,clothing,Men Cotton T-Shirt,6,1217.98,0,7307.88,4879.35,2428.53,UPI,New
ORD00118,2023-10-23,CUST0469,Aditya Kumar,Kolkata,West Bengal,East,books,Fiction Novel,5,575.31,0.15,2445.07,1676.12,768.95,UPI,Returning
ORD01379,2023-05-08,CUST0403,Aarav Reddy,Ahmedabad,Gujarat,West,Home & Kitchen,Storage Container Set,3,1204.49,0,3613.47,2812.73,800.74,Net Banking,Returning
ORD01289,2023-02-05,CUST0178,Arjun Singh,Bhopal,Madhya Pradesh,Central,Cloths,Women Kurti,3,310.15,0.15,790.88,448.28,342.6,Credit Card,Returning
ORD00830,2023-05-04,CUST0074,Ishaan Gupta,Pune,Maharashtra,West,home & kitchen,Non-Stick Pan,6,1059.06,0.1,5718.92,3636.05,2082.87,Debit Card,New
ORD00496,2023-11-03,CUST0164,Priya Kapoor,Mumbai,Maharashtra,West,sports,Football,8,2476.72,0.2,15851.01,9002.67,6848.34,Debit Card,Returning
ORD01500,2024-02-09,CUST0456,Myra Mehta,Mumbai,Maharashtra,West,Beauty,Sunscreen SPF50,3,777.96,0.2,1867.1,1120.48,746.62,UPI,New
ORD01561,2023-05-15,CUST0387,Saanvi Sharma,Bhubaneswar,Odisha,East, Grocery,Cooking Oil 1L,1,897.35,0.1,807.62,573.0,234.62,UPI,New
ORD01765,2023-06-04,CUST0130,Ishaan Das,Kolkata,West Bengal,East, Grocery,Basmati Rice 5kg,3,449.49,0,1348.47,966.45,382.02,UPI,New
ORD00863,2023-01-25,CUST0204,Arjun Patel, Ahmedabad,Gujarat,West,electronics,Laptop Stand,3,1513.84,0,4541.52,3234.78,1306.74,Debit Card,Returning
ORD00307,2024-06-23,CUST0287,Vivaan Verma,Chennai,Tamil Nadu,South,Sports,Skipping Rope,2,763.03,0,1526.06,1100.32,425.74,Cash on Delivery,Returning
ORD00693,2024-08-08,CUST0499,Diya Mehta,Hyderabad,Telangana,South,Home & Kitchen,Storage Container Set,6,594.24,0.25,2674.08,1921.66,752.42,UPI,New
ORD00680,2024-04-27,CUST0404,Rohit Das,Bhubaneswar,Odisha,East, Clothing ,Formal Shirt,8,1499.58,0,11996.64,7760.55,4236.09,Debit Card,New
ORD01453,2024-08-15,CUST0086,Aarav Patel,Ahmedabad,Gujarat,West,Electronics,USB-C Charger,3,2711.81,0.2,6508.34,4967.84,1540.5,UPI,Returning
ORD00930,2024-02-17,CUST0378,Reyansh Verma,Jaipur,Rajasthan,North,SPORTS,Cricket Bat,1,1736.93,0.1,1563.24,1020.48,542.76,Debit Card,Returning
ORD00514,2023-04-26,CUST0256,Myra Das,Indore,Madhya Pradesh,Central,Sports,Football,5,,0.2,,,,Credit Card,Returning
ORD01559,2024-05-15,CUST0160,Riya Singh,Delhi,Delhi,North,electronics,Laptop Stand,2,2423.48,0.25,3635.22,2394.84,1240.38,Net Banking,New
ORD00858,2023-04-05,CUST0181,Pooja Iyer,Lucknow,Uttar Pradesh,North,sports,Dumbbell Set 5kg,4,238.52,0,954.08,540.82,413.26,UPI,Returning
ORD00046,2023-05-22,CUST0054,Kabir Patel,Patna,Bihar,East,beauty,Hair Serum,2,327.05,0.1,588.69,389.91,198.78,Cash on Delivery,New
ORD01463,2023-06-09,CUST0137,Aadhya Singh,Ahmedabad,Gujarat,West,books,Cook Book,5,,0,,,,UPI,New
ORD00696,2023-08-19,CUST0507,Rahul Gupta,Ahmedabad,Gujarat,West,beauty,Sunscreen SPF50,3,,0.15,,,,Net Banking,New
ORD01826,2024-08-07,CUST0053,Riya Reddy,Patna,Bihar,East,Beauty,Face Wash,6,121.46,0.15,619.45,348.14,271.31,Debit Card,Returning
ORD01742,2024-06-18,CUST0387,Saanvi Sharma,Delhi,Delhi,North,Cloths,Women Kurti,6,1373.12,0,8238.72,4793.69,3445.03,UPI,New
ORD00178,2023-05-15,CUST0023,Reyansh Yadav, Kolkata,West Bengal,East,Sports,Yoga Mat,1,1061.94,0,1061.94,741.74,320.2,UPI,New
ORD01809,2024-07-08,CUST0028,Kabir Yadav,Jaipur,Rajasthan,North,beauty,Lipstick,6,,0.1,,,,Debit Card,Returning
ORD00413,2023-01-11,CUST0530,Aditya Reddy,Pune,Maharashtra,West,ELECTRONICS,USB-C Charger,3,1471.0,0,4413.0,3155.49,1257.51,Credit Card,New
ORD00454,2024-03-28,CUST0078,Vihaan Gupta,Jaipur,Rajasthan,North,ELECTRONICS,Webcam HD,2,2420.86,0,4841.72,2806.49,2035.23,Debit Card,New
ORD00360,2024-05-01,CUST0190,Neha Verma,Chennai,Tamil Nadu,South,Books,Self Help Book,7,382.25,0.2,2140.6,1237.72,902.88,Debit Card,New
ORD01400,2024-09-16,CUST0117,Kabir Iyer,Patna,Bihar,East,Home & Kitchen,Steel Water Bottle,5,1490.46,0,7452.3,4474.11,2978.19,Cash on Delivery,New
ORD00816,2023-10-16,CUST0384,  Rohit Chauhan  ,Hyderabad,Telangana,South,Beauty,Moisturizer Cream,5,366.59,0.1,1649.65,1069.23,580.42,Debit Card,Returning
ORD01416,2023-03-09,CUST0138,Kabir Patel,Kolkata,West Bengal,East,home & kitchen,Storage Container Set,4,1328.19,0.25,3984.57,2556.15,1428.42,Credit Card,New
ORD00843,2024-09-06,CUST0068,Arjun Singh,Hyderabad,Telangana,South,electronics,Power Bank 10000mAh,5,1360.82,0.15,5783.48,3619.73,2163.75,Cash on Delivery,Returning
ORD00871,2023-09-09,CUST0023,Reyansh Yadav,Bengaluru,Karnataka,South,beauty,Lipstick,5,498.1,0.2,1992.4,1121.37,871.03,Cash on Delivery,Returning
ORD01530,2023-01-30,CUST0107,Ananya Singh,Bengaluru,Karnataka,South,grocery,Almonds 500g,2,557.18,0,1114.36,796.27,318.09,Cash on Delivery,New
ORD00368,2023-10-19,CUST0029,Vivaan Chauhan,Kolkata,West Bengal,East,electronics,USB-C Charger,1,2365.02,0.2,1892.02,1086.66,805.36,Debit Card,Returning
ORD00179,2024-12-07,CUST0455,Saanvi Verma,Bengaluru,Karnataka,South,ELECTRONICS,Laptop Stand,4,2176.02,0.1,7833.67,5132.76,2700.91,UPI,Returning
ORD00510,2023-10-01,CUST0380,Diya Iyer,Bhubaneswar,Odisha,East,Grocery,Almonds 500g,3,494.06,0.25,1111.63,750.97,360.66,Debit Card,Returning
ORD00578,2024-03-07,CUST0464,Saanvi Nair,Delhi,Delhi,North,sports,Skipping Rope,1,854.58,0,854.58,664.79,189.79,Debit Card,New
ORD01617,2024-02-26,CUST0393,Neha Singh,Hyderabad,Telangana,South,Clothing,Formal Shirt,3,926.06,0.15,2361.45,1308.7,1052.75,Cash on Delivery,New
ORD01939,2023-05-06,CUST0281,Karan Iyer,Ahmedabad,Gujarat,West,Electronics,USB-C Charger,7,2566.55,0,17965.85,12988.37,4977.48,Net Banking,New
ORD01602,2024-03-21,CUST0336,Aarav Sharma,Mumbai,Maharashtra,West,home & kitchen,Non-Stick Pan,7,730.09,0.05,4855.1,3258.35,1596.75,Debit Card,New
ORD01452,2024-07-12,CUST0272,Reyansh Kapoor,Pune,Maharashtra,West,Books,Fiction Novel,8,479.27,0.1,3450.74,2681.84,768.9,UPI,New
ORD00504,2023-01-01,CUST0048,Simran Patel,Hyderabad,Telangana,South,grocery,Almonds 500g,8,724.59,0.15,4927.21,3456.65,1470.56,Cash on Delivery,New
ORD01683,2023-03-28,CUST0347,Vihaan Yadav,Bhopal,Madhya Pradesh,Central,home & kitchen,Steel Water Bottle,6,357.75,0,2146.5,1343.85,802.65,UPI,New
ORD01726,2023-03-19,CUST0256,Myra Das,Indore,Madhya Pradesh,Central,books,Fiction Novel,4,550.07,0.1,1980.25,1550.34,429.91,UPI,Returning
ORD01861,2024-04-09,CUST0543,Ananya Kapoor,Patna,Bihar,East,Sports,Yoga Mat,6,420.45,0,2522.7,1445.84,1076.86,Debit Card,Returning
ORD00490,2024-11-06,CUST0109,Rohit Verma,Bengaluru,Karnataka,South,Books,Self Help Book,6,645.46,0.05,3679.12,2685.0,994.12,Net Banking,New
ORD01957,2023-05-26,CUST0392,Priya Yadav,Bhopal,Madhya Pradesh,Central,home & kitchen,Ceramic Mug Set,4,476.59,0.25,1429.77,820.93,608.84,UPI,Returning
ORD00579,2024-06-30,CUST0041,Vihaan Reddy,Jaipur,Rajasthan,North,Books,Fiction Novel,7,546.79,0.15,3253.4,2114.99,1138.41,Cash on Delivery,Returning
ORD00226,2024-11-03,CUST0531,Saanvi Verma,Lucknow,Uttar Pradesh,North,Clothing,Running Shoes,4,1344.82,0.15,4572.39,2788.31,1784.08,UPI,New
ORD00942,2023-09-28,CUST0042,Kabir Nair,Pune,Maharashtra,West,Cloths,Running Shoes,-3,1973.75,0.15,,,,Debit Card,New
ORD01781,2024-07-17,CUST0482,Aadhya Singh,Lucknow,Uttar Pradesh,North, Grocery,Basmati Rice 5kg,3,540.05,0.05,1539.14,1088.65,450.49,Debit Card,New
ORD01835,2023-09-29,CUST0508,Reyansh Singh,Patna,Bihar,East,Clothing,Denim Jeans,5,1228.3,0.25,4606.12,3594.37,1011.75,Cash on Delivery,New
ORD00589,2024-12-09,CUST0211,Reyansh Iyer,Delhi,Delhi,North,Grocery,Green Tea Pack,5,759.49,0.25,2848.09,2092.7,755.39,Credit Card,New
ORD01534,2024-12-28,CUST0298,Pooja Chauhan,Pune,Maharashtra,West,grocery,Basmati Rice 5kg,7,395.7,0.05,2631.4,1823.33,808.07,Credit Card,Returning
ORD01704,2023-11-24,CUST0019,Aarav Yadav,Ahmedabad,Gujarat,West,ELECTRONICS,Bluetooth Speaker,8,981.73,0,7853.84,4770.84,3083.0,Net Banking,New
ORD01735,2024-02-01,CUST0037,Aditya Sharma,Bengaluru,Karnataka,South, Beauty,Hair Serum,8,397.06,0.15,2700.01,1999.94,700.07,UPI,New
ORD00823,2023-10-01,CUST0279,Aditya Yadav,Indore,Madhya Pradesh,Central,clothing,Formal Shirt,1,1991.92,0.2,1593.54,1099.12,494.42,Net Banking,New
ORD00223,2024-02-11,CUST0424,Arjun Singh,Hyderabad,Telangana,South, Grocery,Almonds 500g,8,327.4,0.15,2226.32,1655.38,570.94,Net Banking,New
ORD00287,2023-01-02,CUST0477,Isha Yadav,Patna,Bihar,East,Grocery,Cooking Oil 1L,7,471.64,0.05,3136.41,1733.88,1402.53,Credit Card,Returning
ORD01859,2024-11-14,CUST0362,Sai Chauhan,Chennai,Tamil Nadu,South,Home and Kitchen,LED Table Lamp,6,1468.14,0.15,7487.51,4725.01,2762.5,Credit Card,Returning
ORD01988,2024-12-17,CUST0123,Simran Patel,Delhi,Delhi,North,Sports,Cricket Bat,7,2320.61,0,16244.27,9451.63,6792.64,Net Banking,Returning
ORD01578,2024-12-02,CUST0321,Rohit Das,Bengaluru,Karnataka,South,Grocery,Basmati Rice 5kg,4,845.18,0.25,2535.54,2016.43,519.11,Debit Card,Returning
ORD00158,2024-03-26,CUST0232,Saanvi Kumar,Indore,Madhya Pradesh,Central,Home and Kitchen,Non-Stick Pan,2,310.42,0.2,496.67,393.7,102.97,Cash on Delivery,New
ORD00877,2023-06-24,CUST0503,Vihaan Chauhan,Pune,Maharashtra,West,Home and Kitchen,LED Table Lamp,2,1280.34,0,2560.68,1704.35,856.33,Debit Card,New
ORD00083,2024-06-01,CUST0550,Reyansh Kumar,Delhi,Delhi,North,Cloths,Running Shoes,4,1517.76,0.25,4553.28,3424.85,1128.43,Net Banking,New
ORD01995,2023-06-19,CUST0367,Aadhya Nair,Indore,Madhya Pradesh,Central,beauty,Lipstick,4,122.48,0,489.92,367.84,122.08,Debit Card,New
ORD00253,2024-07-21,CUST0544,Rohit Reddy,Delhi,Delhi,North,beauty,Lipstick,8,99.58,0.2,637.31,467.41,169.9,UPI,Returning
ORD00751,2023-08-22,CUST0314,Pooja Gupta,Pune,Maharashtra,West,Books,Cook Book,8,500.71,0.05,3805.4,2344.77,1460.63,Net Banking,Returning
ORD00982,2024-09-21,CUST0085,Priya Kapoor,Ahmedabad,Gujarat,West,books,Children Story Book,,,0,,,,UPI,New
ORD00992,2023-08-13,CUST0403,Aarav Reddy,Lucknow,Uttar Pradesh,North,Clothing,Running Shoes,5,1280.94,0.25,4803.53,3375.94,1427.59,UPI,New
ORD01844,2024-13-40,CUST0191,Simran Kapoor,Hyderabad,Telangana,South, Beauty,Face Wash,7,161.06,0.1,1014.68,646.03,368.65,Cash on Delivery,Returning
ORD00013,2024-12-21,CUST0455,Saanvi Verma,Delhi,Delhi,North,books,Fiction Novel,1,310.35,0,310.35,189.64,120.71,Net Banking,New
ORD00640,2024-09-22,CUST0356,Aadhya Iyer,Lucknow,Uttar Pradesh,North,Clothing,Denim Jeans,8,679.18,0.1,4890.1,3898.39,991.71,UPI,New
ORD00092,2023-07-14,CUST0121,Reyansh Chauhan,Bhubaneswar,Odisha,East,grocery,Cooking Oil 1L,4,455.97,0.15,1550.3,1153.23,397.07,Net Banking,Returning
ORD00397,2024-05-02,CUST0434,Sai Kumar,Pune,Maharashtra,West,grocery,Green Tea Pack,7,666.62,0.15,3966.39,3146.61,819.78,Credit Card,New
ORD01032,2023-10-05,CUST0108,Vivaan Singh,Ahmedabad,Gujarat,West,Cloths,Running Shoes,7,1364.2,0.2,7639.52,5379.12,2260.4,Cash on Delivery,New
ORD01435,2023-10-23,CUST0099,  Karan Iyer  ,Lucknow,Uttar Pradesh,North,Grocery,Basmati Rice 5kg,8,132.0,0.1,950.4,598.69,351.71,Cash on Delivery,New
ORD00442,2023-12-14,CUST0027,Isha Das,Chennai,Tamil Nadu,South,sports,Skipping Rope,2,227.26,0.05,431.79,335.11,96.68,Credit Card,Returning
ORD01828,2024-03-08,CUST0463,Priya Yadav,Bhubaneswar,Odisha,East,home & kitchen,Storage Container Set,7,1061.04,0.1,6684.55,4794.41,1890.14,Credit Card,New
ORD01846,2023-11-20,CUST0280,Kabir Mehta,Bengaluru,Karnataka,South,SPORTS,Skipping Rope,5,602.89,0,3014.45,2406.69,607.76,Cash on Delivery,Returning
ORD00196,2023-03-05,CUST0303,Neha Mehta,Noida,Uttar Pradesh,North, Grocery,Basmati Rice 5kg,8,191.23,0.05,1453.35,1069.09,384.26,Cash on Delivery,Returning
ORD00880,2023-06-02,CUST0290,Diya Reddy,Ahmedabad,Gujarat,West,Home and Kitchen,LED Table Lamp,8,764.94,0.1,5507.57,4319.91,1187.66,Credit Card,Returning
ORD01271,2023-01-20,CUST0300,  Reyansh Mehta  ,Bengaluru,Karnataka,South, Grocery,Green Tea Pack,7,794.85,0,5563.95,3558.29,2005.66,Net Banking,New
ORD01599,2024-02-16,CUST0529,Saanvi Verma,Bengaluru,Karnataka,South,beauty,Hair Serum,5,464.59,0,2322.95,1543.35,779.6,UPI,Returning
ORD00720,2024-04-01,CUST0220,Aarav Patel,Delhi,Delhi,North,home & kitchen,Storage Container Set,6,457.68,0.1,2471.47,1517.09,954.38,UPI,New
ORD00370,2024-08-25,CUST0325,Reyansh Iyer,Bengaluru,Karnataka,South,sports,Football,8,429.13,0.15,2918.08,1967.32,950.76,Debit Card,New
ORD00039,2023-02-28,CUST0294,Kabir Sharma,Pune,Maharashtra,West,Books,Cook Book,1,396.35,0.05,376.53,237.36,139.17,Net Banking,New
ORD00969,2023-10-09,CUST0080,Simran Reddy,Kolkata,West Bengal,East, Electronics,Laptop Stand,8,1337.08,0.2,8557.31,5788.6,2768.71,Credit Card,New
ORD01894,2023-10-08,CUST0484,Pooja Reddy,Pune,Maharashtra,West,Grocery,Green Tea Pack,3,894.18,0,2682.54,2035.91,646.63,Net Banking,New
ORD00684,2024-06-03,CUST0466,Pooja Das,Mumbai,Maharashtra,West, Beauty,Sunscreen SPF50,1,341.36,0,341.36,239.26,102.1,Net Banking,Returning
ORD01866,2023-07-28,CUST0239,Pooja Nair,Lucknow,Uttar Pradesh,North, Grocery,Green Tea Pack,4,291.91,0.2,934.11,675.34,258.77,Net Banking,Returning
ORD01226,2024-09-11,CUST0062,Reyansh Das,Pune,Maharashtra,West,Beauty,Moisturizer Cream,1,119.8,0.25,89.85,51.43,38.42,UPI,Returning
ORD01266,2023-05-29,CUST0005,Pooja Verma,Chennai,Tamil Nadu,South,electronics,Bluetooth Speaker,5,2709.53,0.05,12870.27,9340.01,3530.26,UPI,New
ORD00742,2023-05-28,CUST0165,Aarav Verma,Ahmedabad,Gujarat,West,Grocery,Almonds 500g,7,450.9,0.15,2682.85,1522.87,1159.98,Debit Card,New
ORD01630,2024-12-20,CUST0136,Diya Verma,Delhi,Delhi,North,books,Self Help Book,2,371.47,0,742.94,436.84,306.1,UPI,Returning
ORD01946,2024-05-24,CUST0212,  Kabir Gupta  ,Pune,Maharashtra,West,Books,Children Story Book,3,677.56,0.15,1727.78,1307.84,419.94,Net Banking,New
ORD00606,2024-04-20,CUST0436,Aarav Kumar,Delhi,Delhi,North,ELECTRONICS,Laptop Stand,7,328.75,0.25,1725.94,967.66,758.28,Debit Card,New
ORD00794,2023-06-07,CUST0243,Aditya Chauhan,Ahmedabad,Gujarat,West,Electronics,Wireless Mouse,6,2648.43,0,15890.58,11054.9,4835.68,Net Banking,Returning
ORD00941,2023-04-13,CUST0224,Vihaan Verma,Lucknow,Uttar Pradesh,North,home & kitchen,Non-Stick Pan,3,766.11,0.25,1723.75,1130.98,592.77,Cash on Delivery,New
ORD00716,2023-05-24,CUST0281,Karan Iyer,Mumbai,Maharashtra,West, Grocery,Cooking Oil 1L,5,364.32,0.15,1548.36,1017.08,531.28,Net Banking,Returning
ORD00548,2024-01-01,CUST0408,Riya Gupta,Hyderabad,Telangana,South,Cloths,Winter Jacket,3,1493.52,0.2,3584.45,2774.82,809.63,Cash on Delivery,New
ORD01083,2023-02-04,CUST0499,Diya Mehta,Kolkata,West Bengal,East,Sports,Yoga Mat,7,2367.68,0,16573.76,9420.89,7152.87,Net Banking,Returning
ORD00167,2023-06-17,CUST0265,Pooja Yadav,Bhubaneswar,Odisha,East, Grocery,Basmati Rice 5kg,7,143.69,0.05,955.54,730.3,225.24,Credit Card,New
ORD01236,2024-05-18,CUST0152,Karan Verma,Indore,Madhya Pradesh,Central,ELECTRONICS,USB-C Charger,-1,,0,,,,UPI,Returning
ORD00260,,CUST0036,Reyansh Chauhan,Lucknow,Uttar Pradesh,North,Sports,Skipping Rope,5,214.11,0.05,1017.02,776.93,240.09,UPI,Returning
ORD01466,2023-06-15,CUST0147,Simran Reddy,Hyderabad,Telangana,South,clothing,Women Kurti,5,321.39,0.15,1365.91,1047.08,318.83,Cash on Delivery,New
ORD01821,2024-10-21,CUST0264,Simran Kapoor, Pune,Maharashtra,West,Beauty,Face Wash,8,158.63,0.2,1015.23,566.82,448.41,Net Banking,Returning
ORD01923,2023-12-20,CUST0090,Karan Mehta,Hyderabad,Telangana,South, Clothing ,Running Shoes,5,1557.26,0.05,7396.98,5874.43,1522.55,Debit Card,New
ORD00089,2024-07-24,CUST0180,Vivaan Das,Patna,Bihar,East,books,Cook Book,6,666.87,0.15,3401.04,2462.62,938.42,Net Banking,New
ORD01858,2023-07-22,CUST0470,Riya Singh,Mumbai,Maharashtra,West, Clothing ,Winter Jacket,8,419.49,0.2,2684.74,1722.14,962.6,Net Banking,Returning
ORD00159,2024-06-19,CUST0549,Reyansh Patel,Patna,Bihar,East,grocery,Cooking Oil 1L,2,454.32,0,908.64,613.81,294.83,Cash on Delivery,New
ORD01924,2024-09-12,CUST0521,Ananya Chauhan,Jaipur,Rajasthan,North,Sports,Skipping Rope,3,1916.88,0.05,5463.11,3066.28,2396.83,Cash on Delivery,Returning
ORD01036,2024-08-31,CUST0309,Kavya Chauhan,Ahmedabad,Gujarat,West,Cloths,Running Shoes,5,603.18,0.2,2412.72,1929.36,483.36,Debit Card,Returning
ORD00084,2023-03-01,CUST0316,Ananya Reddy,Bhubaneswar,Odisha,East, Electronics,USB-C Charger,4,1860.44,0.15,6325.5,4586.6,1738.9,Cash on Delivery,New
ORD00824,2023-10-21,CUST0377,Arjun Chauhan,Chennai,Tamil Nadu,South,grocery,Cooking Oil 1L,6,752.58,0.15,3838.16,2816.44,1021.72,Debit Card,Returning
ORD00004,2024-09-10,CUST0094,Pooja Chauhan,Noida,Uttar Pradesh,North,Books,Children Story Book,3,407.78,0.1,1101.01,655.51,445.5,Cash on Delivery,Returning
ORD00197,2024-12-13,CUST0049,Aditya Das,Bhopal,Madhya Pradesh,Central,beauty,Sunscreen SPF50,6,871.67,0.1,4707.02,2827.84,1879.18,Net Banking,New
ORD01123,2023-10-27,CUST0158,Arjun Reddy,Jaipur,Rajasthan,North,SPORTS,Skipping Rope,3,609.87,0.2,1463.69,825.95,637.74,Credit Card,Returning
ORD00419,2024-11-24,CUST0532,Rohit Patel,Ahmedabad,Gujarat,West,beauty,Hair Serum,7,896.21,0.25,4705.1,3448.51,1256.59,Net Banking,New
ORD00425,2023-01-20,CUST0211,  Reyansh Iyer  ,Noida,Uttar Pradesh,North, Grocery,Almonds 500g,6,460.62,0,2763.72,1754.93,1008.79,Credit Card,Returning
ORD00264,2023-02-21,CUST0403,Aarav Reddy,Chennai,Tamil Nadu,South, Grocery,Basmati Rice 5kg,5,806.73,0.15,3428.6,1956.48,1472.12,Cash on Delivery,New
ORD01979,2023-09-02,CUST0454,Myra Kapoor,Bhopal,Madhya Pradesh,Central,home & kitchen,Non-Stick Pan,3,528.14,0.05,1505.2,994.44,510.76,Credit Card,New
ORD00098,2024-08-01,CUST0232,Saanvi Kumar,Lucknow,Uttar Pradesh,North,Books,Fiction Novel,7,356.44,0,2495.08,1810.71,684.37,UPI,Returning
ORD01211,2023-12-09,CUST0385,Aarav Kapoor,Noida,Uttar Pradesh,North,sports,Skipping Rope,6,2015.66,0.2,9675.17,6023.22,3651.95,Net Banking,New
ORD01376,2023-07-11,CUST0450,Simran Mehta,Chennai,Tamil Nadu,South,clothing,Women Kurti,6,1406.9,0.05,8019.33,5785.97,2233.36,UPI,New
ORD01004,2024-01-03,CUST0376,Kavya Chauhan,Bengaluru,Karnataka,South,Home & Kitchen,Storage Container Set,5,1422.97,0,7114.85,3958.78,3156.07,Net Banking,New
ORD01657,2024-07-31,CUST0145,Myra Singh,Bhubaneswar,Odisha,East,ELECTRONICS,Webcam HD,1,1613.57,0.05,1532.89,957.47,575.42,UPI,Returning
ORD01725,2024-12-04,CUST0350,Rahul Iyer,Bengaluru,Karnataka,South,Home & Kitchen,Non-Stick Pan,3,681.74,0,2045.22,1192.16,853.06,Credit Card,New
ORD01478,2023-09-10,CUST0408,  Riya Gupta  ,Kolkata,West Bengal,East,ELECTRONICS,Webcam HD,8,1059.83,0,8478.64,5477.57,3001.07,Net Banking,Returning
ORD00867,2023-12-22,CUST0292,Vihaan Reddy,Jaipur,Rajasthan,North,Electronics,Laptop Stand,7,2360.83,0,16525.81,13215.05,3310.76,Credit Card,Returning
ORD00975,2024-05-16,CUST0396,Saanvi Sharma,Indore,Madhya Pradesh,Central,sports,Yoga Mat,8,1976.91,0.1,14233.75,8626.39,5607.36,Credit Card,Returning
ORD01026,2024-09-18,CUST0273,Riya Mehta,Chennai,Tamil Nadu,South,sports,Cricket Bat,1,550.78,0.2,440.62,258.02,182.6,Debit Card,New
ORD01153,2024-07-03,CUST0452,Karan Mehta,Delhi,Delhi,North, Grocery,Almonds 500g,6,554.21,0,3325.26,1958.21,1367.05,Cash on Delivery,New
ORD01426,2023-12-25,CUST0312,Myra Patel,Indore,Madhya Pradesh,Central,beauty,Sunscreen SPF50,3,793.84,0,2381.52,1375.35,1006.17,Net Banking,New
ORD01547,2023-11-04,CUST0024,Diya Verma,Patna,Bihar,East,Clothing,Denim Jeans,4,1803.02,0.25,5409.06,3781.78,1627.28,Credit Card,New
ORD00385,2023-07-23,CUST0173,Riya Kumar,Mumbai,Maharashtra,West, Beauty,Sunscreen SPF50,3,170.25,0,510.75,282.71,228.04,Cash on Delivery,Returning
ORD00539,2023-10-13,CUST0331,Neha Mehta,Delhi,Delhi,North, Clothing ,Denim Jeans,7,1117.19,0.15,6647.28,3885.7,2761.58,Credit Card,Returning
ORD01768,2024-04-22,CUST0251,Vivaan Mehta, Patna,Bihar,East,beauty,Lipstick,2,583.73,0,1167.46,867.45,300.01,Cash on Delivery,New
ORD01465,2024-02-26,CUST0061,Kabir Verma,Patna,Bihar,East,Home & Kitchen,Ceramic Mug Set,3,209.02,0.05,595.71,402.33,193.38,UPI,New
ORD01697,2023-02-03,CUST0272,Reyansh Kapoor,Lucknow,Uttar Pradesh,North,SPORTS,Football,8,1992.71,0,15941.68,9232.02,6709.66,Cash on Delivery,New
ORD01837,2024-11-29,CUST0185,Saanvi Iyer,Pune,Maharashtra,West,home & kitchen,Non-Stick Pan,8,635.73,0.1,4577.26,2911.29,1665.97,Credit Card,New
ORD00655,2023-04-21,CUST0026,Vihaan Mehta,Bengaluru,Karnataka,South,Grocery,Almonds 500g,2,677.54,0,1355.08,777.61,577.47,Credit Card,New
ORD01121,2023-04-13,CUST0228,Reyansh Chauhan,Bhopal,Madhya Pradesh,Central,SPORTS,Skipping Rope,3,1823.0,0.25,4101.75,2939.13,1162.62,Net Banking,Returning
ORD00649,2024-10-13,CUST0316,Ananya Reddy, Chennai,Tamil Nadu,South,Beauty,Hair Serum,4,722.64,0.15,2456.98,1430.71,1026.27,Cash on Delivery,New
ORD00459,2024-02-05,CUST0396,Saanvi Sharma,Noida,Uttar Pradesh,North,Beauty,Lipstick,8,610.2,0,4881.6,2812.18,2069.42,Cash on Delivery,New
ORD00483,2024-03-03,CUST0296,Aarav Iyer,Bhubaneswar,Odisha,East,Beauty,Moisturizer Cream,3,257.42,0,772.26,511.75,260.51,Credit Card,New
ORD00208,2024-07-16,CUST0075,Aadhya Nair,Lucknow,Uttar Pradesh,North,Books,Children Story Book,8,672.35,0.05,5109.86,2938.23,2171.63,Cash on Delivery,New
ORD01285,2024-07-17,CUST0225,Pooja Iyer,Bhubaneswar,Odisha,East,Sports,Cricket Bat,3,2479.0,0,7437.0,4387.95,3049.05,Cash on Delivery,New
ORD00767,2024-05-06,CUST0102,Sai Iyer,Indore,Madhya Pradesh,Central,Sports,Football,7,1939.92,0.1,12221.5,7700.51,4520.99,Net Banking,New
ORD00838,2024-08-07,CUST0202,Diya Singh,Chennai,Tamil Nadu,South,books,Children Story Book,3,469.17,0,1407.51,855.85,551.66,Credit Card,Returning
ORD00697,2024-08-17,CUST0429,Kabir Yadav,Bengaluru,Karnataka,South,Clothing,Running Shoes,2,1318.27,0,2636.54,1664.33,972.21,Credit Card,New
ORD00045,2024-04-04,CUST0245,Vivaan Kapoor,Lucknow,Uttar Pradesh,North,grocery,Cooking Oil 1L,8,514.51,0.2,3292.86,2225.07,1067.79,Net Banking,New
ORD01347,2024-06-22,CUST0342,Rahul Chauhan,Chennai,Tamil Nadu,South,Cloths,Men Cotton T-Shirt,5,1133.28,0,5666.4,3566.98,2099.42,UPI,New
ORD01374,2023-09-29,CUST0007,Priya Verma,Ahmedabad,Gujarat,West,Books,Self Help Book,6,386.87,0.05,2205.16,1681.6,523.56,Credit Card,Returning
ORD00712,2023-10-09,CUST0516,Sai Kumar,Lucknow,Uttar Pradesh,North,books,Fiction Novel,3,417.17,0.25,938.63,632.59,306.04,Credit Card,New
ORD01081,2023-01-13,CUST0122,Ananya Reddy,Mumbai,Maharashtra,West,home & kitchen,Storage Container Set,4,755.93,0.1,2721.35,1540.56,1180.79,Cash on Delivery,Returning
ORD01171,,CUST0048,Simran Patel,Jaipur,Rajasthan,North,Grocery,Green Tea Pack,4,,0.15,,,,Cash on Delivery,New
ORD01660,2024-05-14,CUST0403,Aarav Reddy,Hyderabad,Telangana,South,Home and Kitchen,LED Table Lamp,6,396.14,0.15,2020.31,1599.45,420.86,Debit Card,New
ORD01947,2024-06-19,CUST0317,Priya Kapoor,Kolkata,West Bengal,East,Beauty,Sunscreen SPF50,6,863.63,0,5181.78,2860.67,2321.11,Debit Card,New
ORD01294,2023-04-11,CUST0186,Aadhya Gupta,Bengaluru,Karnataka,South,Beauty,Moisturizer Cream,6,284.7,0.2,1366.56,1043.7,322.86,Debit Card,Returning
ORD00170,2023-10-11,CUST0284,Aarav Verma,Lucknow,Uttar Pradesh,North,books,Self Help Book,4,643.83,0.2,2060.26,1473.36,586.9,Credit Card,New
ORD00668,2024-09-14,CUST0503,Vihaan Chauhan,Delhi,Delhi,North, Beauty,Hair Serum,1,394.63,0,394.63,286.66,107.97,Credit Card,New
ORD00512,2023-01-11,CUST0435,Vihaan Das,Patna,Bihar,East,SPORTS,Cricket Bat,2,1131.58,0,2263.16,1648.8,614.36,Cash on Delivery,Returning
ORD00104,2024-07-22,CUST0106,Vihaan Mehta,Mumbai,Maharashtra,West,ELECTRONICS,Webcam HD,6,2631.04,0.2,12628.99,8170.32,4458.67,UPI,New
ORD01548,2023-12-05,CUST0103,Aadhya Sharma,Pune,Maharashtra,West,clothing,Formal Shirt,1,766.11,0.2,612.89,391.94,220.95,Net Banking,Returning
ORD00756,2023-08-29,CUST0366,Karan Kumar,Pune,Maharashtra,West,Books,Children Story Book,4,586.56,0,2346.24,1865.85,480.39,Cash on Delivery,Returning
ORD00205,2024-12-18,CUST0367,Aadhya Nair,Bhopal,Madhya Pradesh,Central,Sports,Football,5,1594.1,0.25,5977.88,3857.85,2120.03,UPI,Returning
ORD00934,2023-02-10,CUST0036,Reyansh Chauhan,Bhubaneswar,Odisha,East,Electronics,Webcam HD,8,2346.68,0.2,15018.75,8618.16,6400.59,Cash on Delivery,Returning
ORD00513,2024-06-24,CUST0044,Isha Gupta,Kolkata,West Bengal,East,Beauty,Hair Serum,3,159.1,0.15,405.7,319.74,85.96,Net Banking,Returning
ORD00908,2024-03-05,CUST0002,Aarav Chauhan,Chennai,Tamil Nadu,South,clothing,Men Cotton T-Shirt,7,725.99,0.05,4827.83,3414.3,1413.53,Cash on Delivery,Returning
ORD00884,2024-08-27,CUST0202,Diya Singh,Bengaluru,Karnataka,South, Grocery,Basmati Rice 5kg,5,583.91,0,2919.55,1813.4,1106.15,UPI,Returning
ORD01045,2024-10-29,CUST0150,Pooja Sharma,Indore,Madhya Pradesh,Central,Clothing,Men Cotton T-Shirt,4,561.08,0.25,1683.24,1045.91,637.33,Cash on Delivery,Returning
ORD01403,2024-11-03,CUST0089,Kabir Yadav,Jaipur,Rajasthan,North,Electronics,Laptop Stand,3,1095.23,0.2,2628.55,1986.74,641.81,Debit Card,Returning
ORD00180,2024-03-04,CUST0108,Vivaan Singh,Hyderabad,Telangana,South,Books,Children Story Book,2,422.76,0.1,760.97,576.72,184.25,Credit Card,Returning
ORD00310,2024-13-40,CUST0115,Simran Nair,Kolkata,West Bengal,East,clothing,Formal Shirt,3,743.13,0.25,1672.04,995.2,676.84,Cash on Delivery,New
ORD00598,2023-12-30,CUST0396,Saanvi Sharma,Bengaluru,Karnataka,South,Beauty,Lipstick,5,237.64,0.15,1009.97,758.58,251.39,Credit Card,New
ORD00126,,CUST0352,Priya Singh,Indore,Madhya Pradesh,Central, Electronics,Power Bank 10000mAh,2,917.16,0,1834.32,1056.2,778.12,Debit Card,Returning
ORD00087,2023-07-13,CUST0116,Priya Gupta,Mumbai,Maharashtra,West, Grocery,Almonds 500g,1,315.6,0,315.6,208.8,106.8,UPI,New
ORD00364,2024-02-19,CUST0524,Aarav Das, Lucknow,Uttar Pradesh,North, Clothing ,Men Cotton T-Shirt,8,1144.37,0,9154.96,5103.26,4051.7,UPI,New
ORD00519,2024-02-14,CUST0399,Kavya Chauhan,Delhi,Delhi,North,Electronics,Wireless Mouse,6,1649.0,0.05,9399.3,5291.9,4107.4,Debit Card,Returning
ORD00515,2024-06-11,CUST0037,Aditya Sharma, Bhopal,Madhya Pradesh,Central, Beauty,Sunscreen SPF50,1,591.42,0.15,502.71,289.96,212.75,Debit Card,New
ORD00396,2024-10-24,CUST0158,Arjun Reddy,Pune,Maharashtra,West,home & kitchen,Ceramic Mug Set,5,1373.85,0.15,5838.86,4182.84,1656.02,Debit Card,New
ORD00728,2023-04-03,CUST0369,Kabir Nair,Chennai,Tamil Nadu,South,Home and Kitchen,Non-Stick Pan,1,208.43,0.2,166.74,131.79,34.95,UPI,Returning
ORD01631,2023-06-24,CUST0391,  Pooja Chauhan  ,Indore,Madhya Pradesh,Central,SPORTS,Dumbbell Set 5kg,1,1415.88,0.25,1061.91,736.15,325.76,UPI,New
ORD00929,2024-03-17,CUST0318,Aarav Kumar,Ahmedabad,Gujarat,West,Home & Kitchen,Ceramic Mug Set,7,578.11,0.2,3237.42,1907.38,1330.04,Debit Card,Returning
ORD00220,2024-09-09,CUST0002,Aarav Chauhan,Bhopal,Madhya Pradesh,Central, Grocery,Almonds 500g,6,886.34,0.2,4254.43,2584.02,1670.41,Net Banking,Returning
ORD00842,2024-02-05,CUST0231,Kabir Iyer,Bhubaneswar,Odisha,East, Clothing ,Running Shoes,7,1397.27,0,9780.89,5969.62,3811.27,Cash on Delivery,Returning
ORD00753,2024-11-10,CUST0270,Vivaan Kapoor,Delhi,Delhi,North,books,Children Story Book,7,205.99,0.1,1297.74,912.77,384.97,UPI,Returning
ORD00075,2023-10-25,CUST0081,Neha Verma,Jaipur,Rajasthan,North, Beauty,Lipstick,4,260.65,0.1,938.34,548.29,390.05,Cash on Delivery,New
ORD00957,2023-04-02,CUST0322,Karan Mehta,Jaipur,Rajasthan,North,Books,Self Help Book,7,208.79,0,1461.53,973.47,488.06,Credit Card,New
ORD00340,2024-11-20,CUST0068,Arjun Singh,Noida,Uttar Pradesh,North,Beauty,Face Wash,3,329.7,0,989.1,584.75,404.35,UPI,New
ORD00460,2024-05-15,CUST0204,Arjun Patel,Pune,Maharashtra,West,beauty,Moisturizer Cream,2,462.73,0,925.46,548.76,376.7,Net Banking,Returning
ORD00849,2024-10-05,CUST0111,Saanvi Kapoor,Chennai,Tamil Nadu,South,beauty,Lipstick,3,197.33,0,591.99,331.67,260.32,UPI,Returning
ORD00603,2023-05-20,CUST0159,Sai Kumar,Lucknow,Uttar Pradesh,North,books,Fiction Novel,4,,0,,,,Cash on Delivery,New
ORD00541,2023-01-18,CUST0486,Ishaan Chauhan,Delhi,Delhi,North,Electronics,USB-C Charger,3,1094.68,0.2,2627.23,1604.25,1022.98,Credit Card,New
ORD01233,2024-05-27,CUST0320,Myra Yadav,Chennai,Tamil Nadu,South,Home & Kitchen,Steel Water Bottle,8,1266.12,0,10128.96,8044.22,2084.74,UPI,New
ORD00524,2023-04-10,CUST0134,Ishaan Verma,Jaipur,Rajasthan,North,Home and Kitchen,LED Table Lamp,6,508.73,0.2,2441.9,1396.3,1045.6,UPI,New
ORD01309,2023-04-12,CUST0283,Priya Mehta,Bhopal,Madhya Pradesh,Central,grocery,Basmati Rice 5kg,4,512.79,0.2,1640.93,1117.21,523.72,Net Banking,Returning
ORD00535,2024-07-10,CUST0127,Ishaan Verma,Mumbai,Maharashtra,West,Grocery,Basmati Rice 5kg,2,559.39,0,1118.78,615.67,503.11,Credit Card,New
ORD00870,2023-12-17,CUST0382,Vivaan Singh,Indore,Madhya Pradesh,Central,beauty,Hair Serum,6,604.22,0,3625.32,2599.13,1026.19,Cash on Delivery,Returning
ORD01932,2024-03-19,CUST0505,  Vihaan Chauhan  ,Pune,Maharashtra,West,Beauty,Hair Serum,-2,587.26,0.05,,,,Credit Card,Returning
ORD00981,2024-03-28,CUST0172,Kabir Yadav,Delhi,Delhi,North, Beauty,Lipstick,5,532.08,0.2,2128.32,1683.79,444.53,Debit Card,Returning
ORD01839,2024-09-17,CUST0140,Priya Gupta,Bhubaneswar,Odisha,East,SPORTS,Cricket Bat,1,1788.89,0.2,1431.11,852.22,578.89,Net Banking,Returning
ORD00811,2024-01-20,CUST0445,Simran Das,Patna,Bihar,East,home & kitchen,Storage Container Set,1,1035.71,0,1035.71,798.34,237.37,UPI,New
ORD00270,2023-08-25,CUST0521,Ananya Chauhan,Bhubaneswar,Odisha,East,ELECTRONICS,Laptop Stand,2,802.33,0.25,1203.5,830.62,372.88,UPI,New
ORD00138,2024-12-11,CUST0344,Kavya Singh,Mumbai,Maharashtra,West, Grocery,Almonds 500g,5,192.55,0.05,914.61,599.03,315.58,UPI,New
ORD00691,2023-05-13,CUST0474,Aarav Nair,Kolkata,West Bengal,East, Grocery,Green Tea Pack,4,115.27,0,461.08,324.07,137.01,Cash on Delivery,Returning
ORD00723,2023-06-05,CUST0075,  Aadhya Nair  ,Delhi,Delhi,North,books,Cook Book,7,638.17,0.1,4020.47,2217.64,1802.83,Net Banking,New
ORD01942,2024-13-40,CUST0368,Karan Singh,Chennai,Tamil Nadu,South, Grocery,Almonds 500g,3,383.58,0.1,1035.67,687.2,348.47,Net Banking,New
ORD01701,2024-08-04,CUST0419,Karan Verma, Delhi,Delhi,North,Sports,Dumbbell Set 5kg,7,911.33,0,6379.31,3882.54,2496.77,Credit Card,New
ORD01387,2024-12-16,CUST0168,Saanvi Singh,Delhi,Delhi,North,Cloths,Winter Jacket,3,878.71,0.25,1977.1,1119.14,857.96,Cash on Delivery,New
ORD01151,2023-03-11,CUST0017,Riya Das,Pune,Maharashtra,West, Beauty,Moisturizer Cream,3,333.14,0,999.42,659.45,339.97,Net Banking,Returning
ORD00790,2023-03-27,CUST0507,Rahul Gupta,Mumbai,Maharashtra,West,SPORTS,Dumbbell Set 5kg,6,2156.88,0.1,11647.15,9265.41,2381.74,UPI,Returning
ORD01029,2024-02-22,CUST0219,Karan Iyer,Chennai,Tamil Nadu,South,books,Fiction Novel,4,173.08,0,692.32,450.11,242.21,UPI,New
ORD00943,2024-07-17,CUST0542,Riya Nair,Delhi,Delhi,North,Beauty,Moisturizer Cream,6,590.61,0,3543.66,2539.94,1003.72,Net Banking,New
ORD01736,2023-02-16,CUST0375,Arjun Singh,Indore,Madhya Pradesh,Central,Beauty,Lipstick,2,502.02,0.25,753.03,453.61,299.42,Credit Card,New
ORD01365,2024-04-16,CUST0479,Kabir Das,Bhubaneswar,Odisha,East,sports,Cricket Bat,3,2428.1,0.2,5827.44,3267.73,2559.71,Net Banking,Returning
ORD01335,2023-09-30,CUST0415,Aditya Nair,Indore,Madhya Pradesh,Central, Grocery,Basmati Rice 5kg,7,683.12,0,4781.84,3727.79,1054.05,Debit Card,New
ORD00818,2024-01-05,CUST0236,Aarav Mehta,Kolkata,West Bengal,East,grocery,Cooking Oil 1L,5,110.12,0.15,468.01,281.55,186.46,Net Banking,Returning
ORD01357,2024-04-24,CUST0022,Kabir Gupta,Hyderabad,Telangana,South,Sports,Dumbbell Set 5kg,8,2481.52,0,19852.16,11122.3,8729.86,UPI,New
ORD00921,2023-01-28,CUST0025,Aditya Reddy,Indore,Madhya Pradesh,Central, Grocery,Basmati Rice 5kg,3,780.8,0,2342.4,1336.71,1005.69,Credit Card,Returning
ORD01535,2023-04-06,CUST0452,Karan Mehta,Pune,Maharashtra,West,Books,Children Story Book,1,179.85,0,179.85,99.11,80.74,Cash on Delivery,New
ORD01689,2023-12-19,CUST0350,Rahul Iyer,Indore,Madhya Pradesh,Central,Home & Kitchen,Ceramic Mug Set,6,1261.92,0.1,6814.37,5115.46,1698.91,Net Banking,New
ORD01406,2023-07-27,CUST0080,Simran Reddy,Indore,Madhya Pradesh,Central, Grocery,Basmati Rice 5kg,4,515.49,0,2061.96,1299.24,762.72,Cash on Delivery,New
ORD00789,2024-05-18,CUST0353,Vihaan Nair,Bhopal,Madhya Pradesh,Central,Home & Kitchen,LED Table Lamp,3,1010.24,0,3030.72,1750.98,1279.74,Credit Card,Returning
ORD01197,2024-07-10,CUST0010,Aditya Singh,Lucknow,Uttar Pradesh,North, Grocery,Almonds 500g,2,381.11,0.1,686.0,447.37,238.63,Credit Card,Returning
ORD00672,2023-01-21,CUST0011,Ishaan Iyer,Noida,Uttar Pradesh,North,books,Cook Book,4,318.28,0.05,1209.46,891.19,318.27,Credit Card,Returning
ORD01776,2023-06-29,CUST0353,Vihaan Nair,Patna,Bihar,East,SPORTS,Skipping Rope,8,1968.99,0.05,14964.32,10481.18,4483.14,Debit Card,Returning
ORD01902,2023-10-21,CUST0276,Aarav Patel,Ahmedabad,Gujarat,West,home & kitchen,LED Table Lamp,7,811.16,0.1,5110.31,2925.41,2184.9,Cash on Delivery,New
ORD00106,2023-04-20,CUST0007,Priya Verma,Bengaluru,Karnataka,South,Home and Kitchen,Ceramic Mug Set,6,771.29,0,4627.74,2892.84,1734.9,Cash on Delivery,New
ORD00501,2024-08-30,CUST0496,Priya Iyer,Patna,Bihar,East,books,Children Story Book,2,327.88,0,655.76,427.12,228.64,UPI,Returning
ORD01027,2024-07-09,CUST0001,Karan Verma,Hyderabad,Telangana,South,Sports,Football,4,1611.38,0,6445.52,5132.27,1313.25,Net Banking,Returning
ORD01016,2024-09-04,CUST0405,Simran Sharma,Ahmedabad,Gujarat,West,SPORTS,Dumbbell Set 5kg,2,655.93,0,1311.86,988.38,323.48,Net Banking,Returning
ORD01594,2024-09-28,CUST0313,Kavya Patel,Delhi,Delhi,North,Home and Kitchen,Storage Container Set,7,751.03,0.05,4994.35,3084.21,1910.14,Credit Card,New
ORD01067,,CUST0092,Myra Gupta,Chennai,Tamil Nadu,South,SPORTS,Skipping Rope,5,1848.28,0,9241.4,7378.53,1862.87,UPI,Returning
ORD01540,2024-10-19,CUST0313,Kavya Patel,Bengaluru,Karnataka,South,books,Cook Book,8,289.64,0.25,1737.84,1298.59,439.25,Debit Card,Returning
ORD01864,2023-01-23,CUST0093,Riya Sharma,Delhi,Delhi,North, Grocery,Basmati Rice 5kg,1,424.53,0,424.53,271.02,153.51,Cash on Delivery,Returning
ORD01008,2023-04-19,CUST0258,Ishaan Kapoor,Chennai,Tamil Nadu,South,Beauty,Face Wash,1,714.33,0,714.33,399.8,314.53,UPI,Returning
ORD00848,2023-09-16,CUST0386,Rohit Reddy,Indore,Madhya Pradesh,Central,sports,Yoga Mat,5,2332.95,0.1,10498.27,7115.51,3382.76,Net Banking,New
ORD01055,2024-07-14,CUST0303,Neha Mehta,Noida,Uttar Pradesh,North,home & kitchen,Non-Stick Pan,4,1366.06,0.15,4644.6,3309.13,1335.47,UPI,New
ORD00418,2023-09-11,CUST0529,Saanvi Verma,Kolkata,West Bengal,East,Cloths,Winter Jacket,7,1707.34,0,11951.38,7842.75,4108.63,Credit Card,Returning
ORD00132,2023-06-09,CUST0401,Riya Gupta,Kolkata,West Bengal,East,Books,Children Story Book,4,180.85,0.2,578.72,335.08,243.64,Cash on Delivery,New
ORD01459,2024-01-24,CUST0294,Kabir Sharma,Delhi,Delhi,North,clothing,Men Cotton T-Shirt,1,428.43,0.15,364.17,220.12,144.05,UPI,Returning
ORD01384,2023-08-02,CUST0223,Arjun Kumar, Kolkata,West Bengal,East,books,Children Story Book,2,290.73,0.2,465.17,259.84,205.33,Cash on Delivery,Returning
ORD00793,2024-07-19,CUST0289,Isha Chauhan,Lucknow,Uttar Pradesh,North, Electronics,Power Bank 10000mAh,6,2624.99,0,15749.94,11854.8,3895.14,UPI,New
ORD00110,2024-07-30,CUST0410,Kavya Mehta,Ahmedabad,Gujarat,West,home & kitchen,Non-Stick Pan,-2,487.6,0.05,,,,Net Banking,Returning
ORD00553,2024-10-01,CUST0383,Myra Reddy,Pune,Maharashtra,West,books,Cook Book,1,490.34,0.05,465.82,337.69,128.13,Cash on Delivery,New
ORD01143,2023-03-12,CUST0370,Aditya Chauhan,Hyderabad,Telangana,South,Home & Kitchen,LED Table Lamp,7,703.25,0.05,4676.61,3664.77,1011.84,Cash on Delivery,Returning
ORD01448,2023-10-12,CUST0169,  Kavya Sharma  ,Bengaluru,Karnataka,South, Grocery,Green Tea Pack,7,283.6,0,1985.2,1320.16,665.04,Cash on Delivery,Returning
ORD00996,2023-03-04,CUST0042,Kabir Nair,Noida,Uttar Pradesh,North,ELECTRONICS,USB-C Charger,7,2041.6,0.15,12147.52,7013.62,5133.9,UPI,Returning
ORD00472,2024-08-22,CUST0524,Aarav Das,Patna,Bihar,East,Books,Fiction Novel,2,318.87,0.05,605.85,427.09,178.76,UPI,New
ORD00426,2024-01-27,CUST0118,Neha Reddy,Pune,Maharashtra,West,Sports,Football,5,1966.1,0.2,7864.4,5659.63,2204.77,UPI,Returning
ORD00958,,CUST0116,Priya Gupta,Noida,Uttar Pradesh,North,grocery,Cooking Oil 1L,6,218.12,0.15,1112.41,716.39,396.02,Credit Card,New
ORD00464,2023-06-11,CUST0299,Pooja Patel,Patna,Bihar,East,electronics,Laptop Stand,2,2986.35,0,5972.7,4038.13,1934.57,Debit Card,Returning
ORD00108,2024-04-17,CUST0215,Ananya Gupta,Chennai,Tamil Nadu,South,grocery,Basmati Rice 5kg,7,704.68,0.1,4439.48,2710.33,1729.15,Credit Card,Returning
ORD01659,2024-11-06,CUST0550,Reyansh Kumar,Chennai,Tamil Nadu,South,clothing,Denim Jeans,8,1934.27,0.1,13926.74,8021.32,5905.42,Debit Card,Returning
ORD00282,2023-01-04,CUST0260,Sai Reddy,Mumbai,Maharashtra,West,beauty,Sunscreen SPF50,1,585.39,0.05,556.12,387.74,168.38,Net Banking,Returning
ORD01005,2023-06-15,CUST0507,Rahul Gupta,Lucknow,Uttar Pradesh,North,electronics,Webcam HD,8,2239.87,0.2,14335.17,9411.75,4923.42,Cash on Delivery,New
ORD01696,2024-09-18,CUST0134,Ishaan Verma,Noida,Uttar Pradesh,North,home & kitchen,Steel Water Bottle,6,1211.09,0,7266.54,4244.64,3021.9,Debit Card,New
ORD01970,2024-07-22,CUST0305,Vihaan Chauhan,Delhi,Delhi,North,beauty,Moisturizer Cream,1,642.66,0.2,514.13,297.55,216.58,UPI,New
ORD00546,2024-01-25,CUST0381,Riya Reddy,Patna,Bihar,East,Beauty,Lipstick,2,389.16,0.15,661.57,368.5,293.07,Debit Card,New
ORD00280,2024-12-30,CUST0466,Pooja Das,Pune,Maharashtra,West,home & kitchen,Storage Container Set,2,317.55,0.15,539.84,308.42,231.42,Net Banking,New
ORD01323,2024-02-21,CUST0192,Ishaan Reddy,Indore,Madhya Pradesh,Central,Electronics,Laptop Stand,1,1580.33,0,1580.33,1172.11,408.22,Cash on Delivery,New
ORD01291,2023-07-18,CUST0252,Reyansh Patel,Noida,Uttar Pradesh,North,Cloths,Women Kurti,3,1305.56,0,3916.68,2493.77,1422.91,Cash on Delivery,New
ORD01332,2024-04-28,CUST0136,Diya Verma,Mumbai,Maharashtra,West,Sports,Skipping Rope,1,751.25,0,751.25,532.56,218.69,Credit Card,Returning
ORD01362,2024-01-20,CUST0373,Diya Iyer,Noida,Uttar Pradesh,North,electronics,Power Bank 10000mAh,5,343.4,0.25,1287.75,710.17,577.58,Net Banking,Returning
ORD01706,2023-09-23,CUST0158,Arjun Reddy,Noida,Uttar Pradesh,North, Clothing ,Winter Jacket,6,1149.28,0.25,5171.76,2853.48,2318.28,Debit Card,New
ORD00299,2024-02-28,CUST0250,Isha Yadav,Hyderabad,Telangana,South, Clothing ,Winter Jacket,4,1682.66,0.2,5384.51,3725.02,1659.49,Debit Card,New
ORD01181,2023-11-06,CUST0474,Aarav Nair,Noida,Uttar Pradesh,North,home & kitchen,Steel Water Bottle,6,467.14,0,2802.84,2240.34,562.5,Debit Card,New
ORD00285,2023-03-08,CUST0138,Kabir Patel,Pune,Maharashtra,West,books,Children Story Book,4,531.71,0,2126.84,1473.56,653.28,Cash on Delivery,New
ORD00373,2024-07-14,CUST0020,Sai Chauhan,Patna,Bihar,East,Books,Cook Book,8,296.36,0.2,1896.7,1486.37,410.33,UPI,New
ORD01102,2023-11-10,CUST0194,Ishaan Das,Bhubaneswar,Odisha,East, Clothing ,Denim Jeans,-3,1326.68,0.05,,,,Credit Card,New
ORD01355,2024-02-08,CUST0041,Vihaan Reddy,Noida,Uttar Pradesh,North,sports,Skipping Rope,5,1644.19,0,8220.95,5878.13,2342.82,Cash on Delivery,New
ORD00250,2023-10-10,CUST0406,Aditya Patel,Ahmedabad,Gujarat,West,Clothing,Men Cotton T-Shirt,8,1469.29,0,11754.32,7195.77,4558.55,Net Banking,New
ORD00131,2023-08-09,CUST0062,Reyansh Das,Ahmedabad,Gujarat,West, Beauty,Lipstick,7,437.86,0,3065.02,1898.37,1166.65,Debit Card,New
ORD01064,2024-05-03,CUST0077,Vivaan Kapoor,Chennai,Tamil Nadu,South,ELECTRONICS,Power Bank 10000mAh,5,2772.87,0.15,11784.7,8487.98,3296.72,Debit Card,Returning
ORD01368,2024-12-03,CUST0127,Ishaan Verma,Chennai,Tamil Nadu,South,sports,Yoga Mat,7,1072.74,0.2,6007.34,3458.05,2549.29,Net Banking,New
ORD00857,2024-09-22,CUST0052,Ishaan Gupta,Lucknow,Uttar Pradesh,North,ELECTRONICS,Laptop Stand,3,2616.95,0,7850.85,4767.6,3083.25,Debit Card,New
ORD00800,2023-07-14,CUST0175,Pooja Yadav,Mumbai,Maharashtra,West,books,Cook Book,8,327.4,0.2,2095.36,1395.31,700.05,Net Banking,Returning
ORD00796,2024-05-02,CUST0508,Reyansh Singh,Kolkata,West Bengal,East,Books,Cook Book,1,392.38,0,392.38,233.06,159.32,Credit Card,Returning
ORD01207,2023-01-13,CUST0327,Pooja Gupta,Noida,Uttar Pradesh,North, Clothing ,Men Cotton T-Shirt,2,506.16,0,1012.32,559.42,452.9,Cash on Delivery,New
ORD01655,2024-03-15,CUST0183,Diya Sharma,Hyderabad,Telangana,South, Grocery,Cooking Oil 1L,6,695.67,0.25,3130.51,2070.0,1060.51,Debit Card,Returning
ORD00550,2024-09-15,CUST0350,Rahul Iyer,Chennai,Tamil Nadu,South,Grocery,Green Tea Pack,7,135.01,0.2,756.06,461.03,295.03,Cash on Delivery,New
ORD00769,2024-08-24,CUST0178,Arjun Singh,Patna,Bihar,East,Home and Kitchen,Non-Stick Pan,1,1455.8,0.15,1237.43,978.87,258.56,UPI,Returning
ORD01158,2024-10-23,CUST0197,Myra Patel,Bhopal,Madhya Pradesh,Central,Clothing,Formal Shirt,4,643.01,0.1,2314.84,1529.43,785.41,UPI,Returning
ORD01138,2024-12-23,CUST0265,Pooja Yadav,Lucknow,Uttar Pradesh,North,sports,Football,5,2216.27,0,11081.35,6499.5,4581.85,UPI,Returning
ORD00023,2023-05-06,CUST0466,Pooja Das,Pune,Maharashtra,West,Books,Fiction Novel,6,282.96,0.05,1612.87,914.74,698.13,Cash on Delivery,New
ORD01785,2024-03-12,CUST0483,Aditya Singh,Bhubaneswar,Odisha,East,books,Fiction Novel,1,288.83,0.1,259.95,147.15,112.8,UPI,Returning
ORD01975,2023-07-20,CUST0501,Kabir Kumar,Chennai,Tamil Nadu,South,Electronics,Wireless Mouse,5,2129.14,0.25,7984.27,5740.55,2243.72,Credit Card,New
ORD00776,2023-07-13,CUST0326,Saanvi Yadav,Mumbai,Maharashtra,West,Sports,Cricket Bat,5,2319.23,0.05,11016.34,8541.97,2474.37,UPI,Returning
ORD01284,2024-07-30,CUST0455,Saanvi Verma,Bengaluru,Karnataka,South,Clothing,Running Shoes,1,1559.44,0.15,1325.52,815.23,510.29,Credit Card,Returning
ORD01963,2023-06-08,CUST0186,Aadhya Gupta,Ahmedabad,Gujarat,West,Books,Fiction Novel,4,621.29,0,2485.16,1665.53,819.63,Debit Card,Returning
ORD00021,2023-02-08,CUST0505,Vihaan Chauhan,Pune,Maharashtra,West,electronics,Webcam HD,8,1300.73,0.2,8324.67,5800.92,2523.75,Credit Card,Returning
ORD00572,2023-05-05,CUST0031,Vihaan Reddy,Hyderabad,Telangana,South,electronics,Bluetooth Speaker,2,2725.15,0,5450.3,3297.11,2153.19,Credit Card,Returning
ORD01687,2023-11-14,CUST0466,Pooja Das,Patna,Bihar,East,Books,Fiction Novel,8,567.17,0.05,4310.49,2561.56,1748.93,Cash on Delivery,Returning
ORD00402,2024-11-22,CUST0310,Ananya Iyer,Pune,Maharashtra,West,clothing,Men Cotton T-Shirt,1,1482.26,0,1482.26,892.78,589.48,Credit Card,New
ORD00296,2024-02-06,CUST0457,Karan Kapoor,Kolkata,West Bengal,East,home & kitchen,LED Table Lamp,2,1464.79,0.25,2197.18,1520.33,676.85,UPI,Returning
ORD01339,2024-11-13,CUST0139,Saanvi Singh,Bhubaneswar,Odisha,East,ELECTRONICS,Bluetooth Speaker,7,797.2,0,5580.4,3084.68,2495.72,Net Banking,Returning
ORD00637,2024-02-16,CUST0248,Myra Gupta,Bhubaneswar,Odisha,East,Home & Kitchen,LED Table Lamp,6,967.92,0,5807.52,3301.22,2506.3,Debit Card,Returning
ORD00827,2024-12-10,CUST0430,Isha Gupta,Bhopal,Madhya Pradesh,Central,Electronics,Webcam HD,1,986.74,0,986.74,725.18,261.56,Debit Card,Returning
ORD00896,2023-10-19,CUST0096,Sai Iyer,Indore,Madhya Pradesh,Central,Clothing,Denim Jeans,5,1604.6,0,8023.0,4778.94,3244.06,Credit Card,New
ORD00677,2023-09-07,CUST0383,Myra Reddy,Kolkata,West Bengal,East,home & kitchen,Ceramic Mug Set,4,1191.12,0,4764.48,3121.91,1642.57,Debit Card,Returning
ORD00670,2024-02-17,CUST0063,Rahul Mehta,Pune,Maharashtra,West,clothing,Formal Shirt,3,1052.78,0.05,3000.42,2166.84,833.58,Net Banking,New
ORD00189,2023-04-04,CUST0312,Myra Patel,Bhopal,Madhya Pradesh,Central,SPORTS,Cricket Bat,8,2384.82,0,19078.56,14388.04,4690.52,Net Banking,Returning
ORD00511,2023-08-23,CUST0090,Karan Mehta,Lucknow,Uttar Pradesh,North,beauty,Face Wash,2,682.96,0,1365.92,947.72,418.2,UPI,Returning
ORD00686,2023-02-10,CUST0502,Kabir Singh, Chennai,Tamil Nadu,South,Home & Kitchen,Steel Water Bottle,5,752.41,0,3762.05,2579.59,1182.46,Credit Card,Returning
ORD01441,2023-12-07,CUST0068,Arjun Singh,Lucknow,Uttar Pradesh,North,beauty,Moisturizer Cream,4,796.87,0.2,2549.98,1668.0,881.98,UPI,Returning
ORD01263,2023-10-21,CUST0376,Kavya Chauhan,Ahmedabad,Gujarat,West,home & kitchen,Steel Water Bottle,3,1045.73,0.1,2823.47,1689.96,1133.51,Credit Card,New
ORD01908,2024-04-27,CUST0055,Rahul Iyer,Mumbai,Maharashtra,West,SPORTS,Skipping Rope,4,776.26,0.05,2949.79,2170.35,779.44,UPI,Returning
ORD01709,2023-08-05,CUST0455,Saanvi Verma,Pune,Maharashtra,West,Home and Kitchen,Storage Container Set,8,633.52,0.1,4561.34,3302.4,1258.94,UPI,Returning
ORD01614,2024-02-26,CUST0033,Ananya Kapoor,Patna,Bihar,East,Books,Fiction Novel,1,619.51,0,619.51,351.59,267.92,Credit Card,Returning
ORD00787,2023-06-13,CUST0156,Reyansh Singh,Delhi,Delhi,North,Beauty,Hair Serum,7,225.62,0.25,1184.51,858.73,325.78,Debit Card,New
ORD00527,2023-03-04,CUST0195,Neha Sharma,Bhubaneswar,Odisha,East,grocery,Almonds 500g,2,247.97,0.2,396.75,274.01,122.74,Net Banking,Returning
ORD00627,2024-03-30,CUST0451,Aditya Iyer,Mumbai,Maharashtra,West,Beauty,Lipstick,4,425.89,0,1703.56,1054.69,648.87,Cash on Delivery,Returning
ORD01739,2023-03-01,CUST0303,Neha Mehta,Kolkata,West Bengal,East,Electronics,Power Bank 10000mAh,4,1832.68,0.25,5498.04,3349.55,2148.49,Cash on Delivery,Returning
ORD01964,2023-08-09,CUST0203,Kabir Reddy,Indore,Madhya Pradesh,Central,ELECTRONICS,Power Bank 10000mAh,7,1837.78,0,12864.46,9970.39,2894.07,Net Banking,Returning
ORD00914,2023-03-04,CUST0232,Saanvi Kumar,Kolkata,West Bengal,East,Clothing,Men Cotton T-Shirt,4,922.29,0.1,3320.24,2519.02,801.22,Net Banking,New
ORD01079,2023-07-07,CUST0356,Aadhya Iyer,Ahmedabad,Gujarat,West,books,Cook Book,6,166.59,0.25,749.65,431.03,318.62,Net Banking,New
ORD00795,2023-05-05,CUST0143,Ishaan Yadav,Noida,Uttar Pradesh,North,Books,Self Help Book,2,151.11,0.05,287.11,173.0,114.11,UPI,Returning
ORD00638,2024-03-22,CUST0489,Riya Yadav,Bhubaneswar,Odisha,East,clothing,Formal Shirt,2,,0.15,,,,Net Banking,Returning
ORD01875,2023-05-21,CUST0254,Vihaan Mehta,Noida,Uttar Pradesh,North,books,Fiction Novel,,208.45,0,,,,UPI,Returning
ORD01161,2023-11-23,CUST0164,  Priya Kapoor  ,Bhopal,Madhya Pradesh,Central,Home and Kitchen,Storage Container Set,,303.72,0,,,,Credit Card,New
ORD01249,2023-06-02,CUST0359,Pooja Iyer,Hyderabad,Telangana,South,Beauty,Sunscreen SPF50,3,229.55,0,688.65,507.79,180.86,Credit Card,Returning
ORD00559,2024-13-40,CUST0470,Riya Singh,Bhopal,Madhya Pradesh,Central, Clothing ,Denim Jeans,7,745.76,0.25,3915.24,3076.72,838.52,Credit Card,Returning
ORD00620,2023-07-30,CUST0366,Karan Kumar,Bhopal,Madhya Pradesh,Central,Grocery,Almonds 500g,6,801.19,0.05,4566.78,3113.22,1453.56,Debit Card,Returning
ORD01992,2024-04-07,CUST0519,Kabir Sharma,Noida,Uttar Pradesh,North, Grocery,Almonds 500g,5,320.13,0.2,1280.52,861.93,418.59,Cash on Delivery,Returning
ORD00972,2024-06-20,CUST0404,Rohit Das,Noida,Uttar Pradesh,North,Cloths,Running Shoes,4,1376.71,0.1,4956.16,3704.15,1252.01,Credit Card,New
ORD01126,2024-02-13,CUST0485,Saanvi Iyer,Patna,Bihar,East,home & kitchen,Non-Stick Pan,5,1226.98,0.15,5214.66,3195.84,2018.82,UPI,New
ORD01420,2023-06-19,CUST0097,Vihaan Kapoor,Bengaluru,Karnataka,South,SPORTS,Yoga Mat,5,2248.85,0.1,10119.83,7685.45,2434.38,Net Banking,Returning
ORD01399,2023-05-24,CUST0288,Neha Reddy,Kolkata,West Bengal,East,Grocery,Almonds 500g,5,237.21,0.25,889.54,637.13,252.41,Net Banking,Returning
ORD01729,2023-11-18,CUST0395,Kabir Reddy,Hyderabad,Telangana,South,grocery,Almonds 500g,8,888.54,0.05,6752.9,4883.58,1869.32,Net Banking,New
ORD01062,2023-03-22,CUST0006,Simran Chauhan,Ahmedabad,Gujarat,West,sports,Cricket Bat,8,1029.78,0,8238.24,5479.6,2758.64,Net Banking,Returning
ORD00671,2023-01-04,CUST0360,Myra Kapoor,Pune,Maharashtra,West,home & kitchen,Steel Water Bottle,2,935.05,0,1870.1,1457.75,412.35,Credit Card,New
ORD01334,2024-11-08,CUST0147,Simran Reddy,Lucknow,Uttar Pradesh,North,Cloths,Women Kurti,1,1294.46,0,1294.46,1021.6,272.86,Net Banking,Returning
ORD01608,2023-06-04,CUST0380,Diya Iyer,Chennai,Tamil Nadu,South,books,Fiction Novel,1,395.67,0,395.67,305.25,90.42,Debit Card,Returning
ORD01217,2023-12-03,CUST0465,Myra Kapoor,Delhi,Delhi,North,grocery,Basmati Rice 5kg,4,118.15,0,472.6,353.13,119.47,Net Banking,Returning
ORD00906,2024-05-06,CUST0137,Aadhya Singh, Mumbai,Maharashtra,West,Grocery,Almonds 500g,3,197.84,0.1,534.17,385.93,148.24,Debit Card,Returning
ORD00491,2024-10-10,CUST0093,Riya Sharma,Ahmedabad,Gujarat,West,books,Self Help Book,2,503.19,0.2,805.1,574.42,230.68,Cash on Delivery,Returning
ORD00833,2024-09-10,CUST0036,Reyansh Chauhan,Jaipur,Rajasthan,North,Home and Kitchen,Ceramic Mug Set,7,322.44,0,2257.08,1769.29,487.79,Net Banking,New
ORD00890,2024-07-01,CUST0126,Vihaan Singh,Chennai,Tamil Nadu,South,books,Fiction Novel,2,343.28,0.05,652.23,447.64,204.59,Debit Card,New
ORD01228,2023-04-24,CUST0071,Pooja Das,Chennai,Tamil Nadu,South,Grocery,Almonds 500g,4,465.36,0,1861.44,1407.74,453.7,Debit Card,Returning
ORD01014,2024-08-26,CUST0070,Priya Kumar,Ahmedabad,Gujarat,West,Electronics,Laptop Stand,8,634.67,0,5077.36,3743.31,1334.05,Debit Card,New
ORD01560,2024-08-01,CUST0463,Priya Yadav,Chennai,Tamil Nadu,South, Electronics,Power Bank 10000mAh,2,1306.53,0.1,2351.75,1454.65,897.1,UPI,New
ORD00341,2024-06-17,CUST0024,Diya Verma,Lucknow,Uttar Pradesh,North, Beauty,Hair Serum,8,376.36,0,3010.88,1875.41,1135.47,UPI,New
ORD01567,2023-10-03,CUST0029,Vivaan Chauhan,Ahmedabad,Gujarat,West,books,Fiction Novel,8,152.53,0,1220.24,940.24,280.0,Cash on Delivery,New
ORD01402,2024-07-15,CUST0287,Vivaan Verma,Delhi,Delhi,North,beauty,Sunscreen SPF50,4,177.93,0.05,676.13,490.16,185.97,Net Banking,Returning
ORD01570,2024-01-17,CUST0213,Isha Verma,Chennai,Tamil Nadu,South,electronics,Webcam HD,8,2317.09,0,18536.72,10963.88,7572.84,Credit Card,New
ORD00398,2024-10-24,CUST0298,Pooja Chauhan,Chennai,Tamil Nadu,South,Beauty,Sunscreen SPF50,3,646.45,0.05,1842.38,1254.24,588.14,Debit Card,New
ORD01145,2024-08-16,CUST0406,Aditya Patel,Ahmedabad,Gujarat,West, Grocery,Basmati Rice 5kg,6,738.68,0.1,3988.87,2574.25,1414.62,Cash on Delivery,New
ORD01328,2023-10-05,CUST0117,Kabir Iyer,Jaipur,Rajasthan,North,Books,Fiction Novel,5,634.37,0,3171.85,2459.18,712.67,Cash on Delivery,New
ORD00949,2023-01-18,CUST0292,Vihaan Reddy,Indore,Madhya Pradesh,Central,ELECTRONICS,Laptop Stand,2,2949.31,0.2,4718.9,2998.08,1720.82,Cash on Delivery,New
ORD00528,2023-01-04,CUST0224,Vihaan Verma,Kolkata,West Bengal,East,Books,Cook Book,5,315.88,0.1,1421.46,978.02,443.44,Credit Card,New
ORD01788,2023-05-06,CUST0167,Myra Nair,Bhubaneswar,Odisha,East,home & kitchen,Storage Container Set,3,372.11,0,1116.33,704.51,411.82,Cash on Delivery,New
ORD00563,2024-09-30,CUST0103,Aadhya Sharma,Patna,Bihar,East, Beauty,Hair Serum,5,780.36,0.25,2926.35,2013.03,913.32,UPI,New
ORD00629,2024-08-16,CUST0234,Karan Reddy,Mumbai,Maharashtra,West,books,Children Story Book,,613.71,0,,,,Cash on Delivery,New
ORD01989,2024-08-25,CUST0305,Vihaan Chauhan,Patna,Bihar,East,electronics,Bluetooth Speaker,8,323.25,0,2586.0,1738.62,847.38,UPI,New
ORD01491,2024-12-14,CUST0250,Isha Yadav,Bhubaneswar,Odisha,East,Books,Self Help Book,7,338.52,0.2,1895.71,1222.73,672.98,Credit Card,New
ORD00305,2023-05-21,CUST0426,Simran Verma, Indore,Madhya Pradesh,Central, Beauty,Hair Serum,3,462.52,0.25,1040.67,672.46,368.21,Credit Card,New
ORD00570,2023-07-04,CUST0507,Rahul Gupta,Indore,Madhya Pradesh,Central,Home & Kitchen,Ceramic Mug Set,1,736.87,0,736.87,444.02,292.85,Net Banking,Returning
ORD00985,2024-03-27,CUST0300,Reyansh Mehta,Patna,Bihar,East,Beauty,Face Wash,3,834.39,0,2503.17,1705.8,797.37,Credit Card,New
ORD00599,2023-07-24,CUST0088,Simran Iyer,Lucknow,Uttar Pradesh,North,SPORTS,Dumbbell Set 5kg,7,1998.53,0,13989.71,8179.12,5810.59,Net Banking,Returning
ORD00891,2023-03-30,CUST0167,Myra Nair,Delhi,Delhi,North,Home & Kitchen,Steel Water Bottle,4,821.3,0.15,2792.42,1556.63,1235.79,Net Banking,Returning
ORD00829,2023-07-12,CUST0517,  Aarav Chauhan  ,Ahmedabad,Gujarat,West, Electronics,Bluetooth Speaker,5,951.95,0.05,4521.76,3099.63,1422.13,UPI,New
ORD01771,2023-03-11,CUST0234,Karan Reddy,Patna,Bihar,East,Cloths,Women Kurti,3,1804.37,0.2,4330.49,3253.33,1077.16,UPI,New
ORD01522,2024-12-10,CUST0418,Isha Singh,Bengaluru,Karnataka,South,Home & Kitchen,Steel Water Bottle,7,899.34,0,6295.38,5018.21,1277.17,Net Banking,New
ORD00382,2023-12-07,CUST0103,Aadhya Sharma,Indore,Madhya Pradesh,Central,Cloths,Running Shoes,7,1322.6,0.15,7869.47,5219.94,2649.53,UPI,New
ORD00603,2023-05-20,CUST0159,Sai Kumar,Lucknow,Uttar Pradesh,North,books,Fiction Novel,4,,0,,,,Cash on Delivery,New
ORD00381,2023-08-30,CUST0165,Aarav Verma,Bhopal,Madhya Pradesh,Central, Beauty,Lipstick,7,730.45,0,5113.15,3864.52,1248.63,Net Banking,Returning
ORD00190,2024-04-29,CUST0373,Diya Iyer,Bhubaneswar,Odisha,East,Beauty,Face Wash,4,100.76,0.1,362.74,249.17,113.57,Debit Card,New
ORD01807,2023-02-11,CUST0482,Aadhya Singh,Lucknow,Uttar Pradesh,North,electronics,Laptop Stand,5,2828.95,0.1,12730.27,9545.54,3184.73,Net Banking,New
ORD01050,2024-04-06,CUST0110,Aditya Chauhan,Mumbai,Maharashtra,West,books,Self Help Book,2,229.9,0.1,413.82,318.03,95.79,Net Banking,Returning
ORD00613,2024-08-05,CUST0530,Aditya Reddy,Lucknow,Uttar Pradesh,North,Electronics,Laptop Stand,6,359.86,0.1,1943.24,1516.83,426.41,Debit Card,Returning
ORD00477,2023-03-27,CUST0308,Myra Mehta,Kolkata,West Bengal,East,Sports,Skipping Rope,5,1074.04,0.1,4833.18,3111.54,1721.64,Cash on Delivery,Returning
ORD01114,2023-06-01,CUST0456,Myra Mehta,Chennai,Tamil Nadu,South,Beauty,Hair Serum,6,424.39,0,2546.34,1471.45,1074.89,UPI,New
ORD00017,2024-11-25,CUST0141,Pooja Das,Patna,Bihar,East,Electronics,USB-C Charger,1,1863.85,0,1863.85,1448.97,414.88,Debit Card,Returning
ORD01514,2024-04-25,CUST0119,  Reyansh Iyer  ,Pune,Maharashtra,West, Grocery,Green Tea Pack,3,722.96,0.2,1735.1,1040.37,694.73,Cash on Delivery,New
ORD00277,2024-03-25,CUST0502,Kabir Singh,Bhubaneswar,Odisha,East,home & kitchen,Storage Container Set,1,989.31,0.15,840.91,545.36,295.55,Cash on Delivery,New
ORD01648,2024-07-08,CUST0221,Priya Kumar,Lucknow,Uttar Pradesh,North, Grocery,Cooking Oil 1L,7,596.97,0.1,3760.91,2478.34,1282.57,UPI,New
ORD00560,2023-02-07,CUST0193,Vihaan Das,Bengaluru,Karnataka,South,Books,Cook Book,4,672.81,0,2691.24,1729.29,961.95,Debit Card,New
ORD01532,2024-04-03,CUST0088,Simran Iyer,Bengaluru,Karnataka,South,grocery,Cooking Oil 1L,1,516.42,0.05,490.6,368.98,121.62,Cash on Delivery,New
ORD01928,2024-07-18,CUST0515,Ishaan Mehta,Bhubaneswar,Odisha,East,Books,Fiction Novel,5,216.44,0.05,1028.09,620.67,407.42,Debit Card,New
ORD00828,2024-01-18,CUST0405,Simran Sharma,Hyderabad,Telangana,South,books,Self Help Book,7,527.29,0.05,3506.48,2490.01,1016.47,Net Banking,New
ORD00886,2024-02-09,CUST0544,  Rohit Reddy  ,Noida,Uttar Pradesh,North,electronics,Laptop Stand,1,1460.03,0.1,1314.03,898.55,415.48,Cash on Delivery,Returning
ORD00928,2024-11-20,CUST0410,Kavya Mehta,Kolkata,West Bengal,East,books,Self Help Book,5,373.2,0.05,1772.7,1364.73,407.97,Credit Card,Returning
ORD01583,2023-12-17,CUST0279,Aditya Yadav,Pune,Maharashtra,West, Grocery,Cooking Oil 1L,2,665.42,0.1,1197.76,907.92,289.84,Net Banking,New
ORD00845,2023-08-22,CUST0332,Aditya Kapoor,Bhopal,Madhya Pradesh,Central,clothing,Denim Jeans,4,1702.75,0.2,5448.8,3376.24,2072.56,Cash on Delivery,Returning
ORD01549,2024-11-22,CUST0188,Aditya Kapoor,Ahmedabad,Gujarat,West,books,Fiction Novel,6,421.75,0.15,2150.92,1370.44,780.48,Debit Card,New
ORD01542,2023-08-23,CUST0362,  Sai Chauhan  ,Patna,Bihar,East,sports,Cricket Bat,8,695.42,0.1,5007.02,3401.75,1605.27,Credit Card,New
ORD00204,2023-09-15,CUST0234,Karan Reddy,Bhopal,Madhya Pradesh,Central,home & kitchen,Ceramic Mug Set,7,761.93,0,5333.51,3646.57,1686.94,Cash on Delivery,New
ORD01065,2024-03-21,CUST0130,Ishaan Das,Mumbai,Maharashtra,West, Grocery,Cooking Oil 1L,6,,0,,,,UPI,New
ORD00922,2024-07-05,CUST0059,Vivaan Yadav,Ahmedabad,Gujarat,West,Books,Self Help Book,6,357.47,0.1,1930.34,1424.85,505.49,Debit Card,New
ORD00581,2024-01-13,CUST0006,Simran Chauhan,Bhopal,Madhya Pradesh,Central,Books,Children Story Book,1,209.94,0,209.94,129.31,80.63,Cash on Delivery,Returning
ORD00609,2023-03-11,CUST0163,Vivaan Patel,Noida,Uttar Pradesh,North,Electronics,Laptop Stand,8,1172.88,0.05,8913.89,5137.59,3776.3,Credit Card,Returning
ORD01082,2023-08-15,CUST0345,Arjun Patel,Bhopal,Madhya Pradesh,Central,SPORTS,Cricket Bat,6,995.05,0.15,5074.75,3661.46,1413.29,Debit Card,New
ORD00433,2024-12-14,CUST0403,Aarav Reddy,Hyderabad,Telangana,South,Electronics,Webcam HD,8,2114.06,0.2,13529.98,10240.39,3289.59,Debit Card,Returning
ORD01260,2023-12-15,CUST0543,Ananya Kapoor,Delhi,Delhi,North,Books,Fiction Novel,3,455.96,0.25,1025.91,698.28,327.63,UPI,Returning
ORD01091,2024-06-21,CUST0535,Rohit Kumar,Kolkata,West Bengal,East, Beauty,Face Wash,2,445.99,0.2,713.58,430.19,283.39,Debit Card,Returning
ORD01147,2024-07-26,CUST0288,Neha Reddy,Bengaluru,Karnataka,South,beauty,Moisturizer Cream,6,682.87,0,4097.22,2457.28,1639.94,Credit Card,New
ORD01850,2024-10-10,CUST0378,Reyansh Verma,Chennai,Tamil Nadu,South,Cloths,Winter Jacket,3,1758.92,0.25,3957.57,2671.07,1286.5,UPI,New
ORD01342,2023-04-08,CUST0541,Aadhya Reddy,Bhubaneswar,Odisha,East,Clothing,Women Kurti,7,,0,,,,Debit Card,Returning
ORD00348,2023-12-20,CUST0457,Karan Kapoor,Indore,Madhya Pradesh,Central,Sports,Cricket Bat,8,1904.51,0.25,11427.06,7109.44,4317.62,Net Banking,Returning
ORD01063,2023-05-22,CUST0395,Kabir Reddy,Kolkata,West Bengal,East,Clothing,Men Cotton T-Shirt,3,775.56,0.2,1861.34,1461.14,400.2,Net Banking,Returning
ORD01936,2023-04-23,CUST0442,Karan Singh,Mumbai,Maharashtra,West, Grocery,Basmati Rice 5kg,2,699.5,0.05,1329.05,1021.64,307.41,Cash on Delivery,New
ORD01304,2024-03-30,CUST0420,Karan Sharma, Bengaluru,Karnataka,South,ELECTRONICS,USB-C Charger,1,2898.76,0.05,2753.82,1642.04,1111.78,Net Banking,Returning
ORD01800,2024-04-07,CUST0175,Pooja Yadav,Bhubaneswar,Odisha,East,Beauty,Sunscreen SPF50,6,326.85,0.25,1470.83,1114.28,356.55,Cash on Delivery,New
ORD01113,2024-11-04,CUST0181,Pooja Iyer,Bengaluru,Karnataka,South,sports,Football,8,310.8,0,2486.4,1908.12,578.28,UPI,Returning
ORD00484,2023-07-16,CUST0419,Karan Verma,Chennai,Tamil Nadu,South,Books,Self Help Book,2,356.75,0.15,606.48,338.06,268.42,Credit Card,Returning
ORD01371,2023-08-03,CUST0335,Reyansh Gupta,Lucknow,Uttar Pradesh,North, Beauty,Lipstick,7,873.9,0.15,5199.7,3137.75,2061.95,Debit Card,Returning
ORD01364,2024-08-24,CUST0222,Simran Verma,Kolkata,West Bengal,East,Electronics,Bluetooth Speaker,4,2024.56,0,8098.24,4501.22,3597.02,Debit Card,Returning
ORD00005,2023-04-04,CUST0419,Karan Verma,Jaipur,Rajasthan,North,Home and Kitchen,Non-Stick Pan,6,734.14,0.2,3523.87,2654.85,869.02,Cash on Delivery,New
ORD00379,2024-11-30,CUST0285,Kabir Gupta,Bhopal,Madhya Pradesh,Central,Grocery,Green Tea Pack,6,838.23,0,5029.38,3824.18,1205.2,UPI,New
ORD00088,2023-08-28,CUST0058,Vivaan Singh,Delhi,Delhi,North,sports,Cricket Bat,6,1527.19,0.15,7788.67,4745.06,3043.61,Credit Card,New
ORD01204,2023-06-13,CUST0401,Riya Gupta,Hyderabad,Telangana,South,Electronics,Bluetooth Speaker,1,865.78,0.2,692.62,527.94,164.68,UPI,New
ORD01024,2024-12-31,CUST0091,Vihaan Kumar,Ahmedabad,Gujarat,West,sports,Yoga Mat,1,1336.02,0.05,1269.22,754.24,514.98,Debit Card,New
ORD00498,2023-07-20,CUST0010,Aditya Singh,Jaipur,Rajasthan,North,Books,Self Help Book,7,522.69,0,3658.83,2100.21,1558.62,Net Banking,New
ORD00888,2024-12-02,CUST0337,Ishaan Nair,Patna,Bihar,East, Clothing ,Men Cotton T-Shirt,5,586.34,0.1,2638.53,1725.32,913.21,Net Banking,New
ORD01169,2024-08-04,CUST0115,Simran Nair,Pune,Maharashtra,West, Beauty,Sunscreen SPF50,7,569.5,0.1,3587.85,2489.4,1098.45,Cash on Delivery,New
ORD01938,2024-12-21,CUST0111,Saanvi Kapoor, Kolkata,West Bengal,East,grocery,Basmati Rice 5kg,6,126.76,0,760.56,445.11,315.45,UPI,New
ORD01450,2023-08-18,CUST0226,Arjun Kumar,Kolkata,West Bengal,East,Electronics,Wireless Mouse,2,757.48,0,1514.96,876.25,638.71,Credit Card,Returning
ORD01996,2023-08-02,CUST0027,Isha Das,Pune,Maharashtra,West,Cloths,Women Kurti,6,306.44,0.05,1746.71,994.92,751.79,Cash on Delivery,New
ORD01503,2024-09-05,CUST0380,Diya Iyer,Bhopal,Madhya Pradesh,Central,beauty,Hair Serum,1,189.98,0.1,170.98,120.61,50.37,UPI,New
ORD01892,2024-10-13,CUST0460,Sai Chauhan,Bengaluru,Karnataka,South,electronics,Wireless Mouse,5,1809.48,0.1,8142.66,4832.12,3310.54,Credit Card,Returning
ORD01405,2023-02-27,CUST0439,Rahul Singh,Jaipur,Rajasthan,North,grocery,Almonds 500g,5,827.93,0.15,3518.7,2553.93,964.77,UPI,Returning
ORD00389,2024-01-15,CUST0043,Karan Kapoor,Kolkata,West Bengal,East,Cloths,Women Kurti,6,1791.42,0.15,9136.24,6647.2,2489.04,Net Banking,New
ORD01941,2024-04-12,CUST0408,Riya Gupta,Bengaluru,Karnataka,South,SPORTS,Cricket Bat,6,1513.45,0.1,8172.63,4784.38,3388.25,Debit Card,New
ORD01252,2024-06-06,CUST0495,Isha Nair,Lucknow,Uttar Pradesh,North,clothing,Women Kurti,5,1678.88,0.1,7554.96,5526.56,2028.4,Net Banking,New
ORD00068,2024-02-17,CUST0411,Reyansh Nair,Mumbai,Maharashtra,West,SPORTS,Cricket Bat,5,368.12,0.1,1656.54,1252.89,403.65,Cash on Delivery,New
ORD00100,2023-01-17,CUST0148,Isha Reddy,Ahmedabad,Gujarat,West, Grocery,Almonds 500g,5,245.21,0.2,980.84,705.48,275.36,Cash on Delivery,Returning
ORD01918,2024-04-23,CUST0390,Myra Iyer,Patna,Bihar,East,Beauty,Moisturizer Cream,7,624.45,0,4371.15,2589.92,1781.23,Credit Card,Returning
ORD00832,2023-12-26,CUST0503,Vihaan Chauhan,Mumbai,Maharashtra,West,Beauty,Sunscreen SPF50,2,478.9,0,957.8,585.55,372.25,UPI,Returning
ORD00332,2024-04-10,CUST0383,Myra Reddy,Delhi,Delhi,North, Beauty,Moisturizer Cream,5,260.77,0,1303.85,808.58,495.27,UPI,Returning
ORD00090,2024-07-04,CUST0231,Kabir Iyer,Lucknow,Uttar Pradesh,North, Grocery,Cooking Oil 1L,1,605.15,0,605.15,391.6,213.55,Debit Card,New
ORD00355,2023-04-15,CUST0516,Sai Kumar,Noida,Uttar Pradesh,North,Grocery,Basmati Rice 5kg,2,203.91,0,407.82,273.19,134.63,Debit Card,Returning
ORD00420,2024-12-29,CUST0526,Saanvi Nair,Indore,Madhya Pradesh,Central,Sports,Cricket Bat,1,1915.94,0.15,1628.55,1270.96,357.59,UPI,Returning
ORD01723,2023-09-17,CUST0384,Rohit Chauhan,Noida,Uttar Pradesh,North,books,Self Help Book,4,339.76,0,1359.04,883.29,475.75,Credit Card,New
ORD00757,2024-09-10,CUST0357,Neha Mehta,Bhubaneswar,Odisha,East,Books,Cook Book,1,402.13,0.2,321.7,182.14,139.56,Credit Card,New
ORD00222,2023-01-08,CUST0211,Reyansh Iyer,Bhubaneswar,Odisha,East,grocery,Almonds 500g,3,482.46,0.1,1302.64,994.88,307.76,Net Banking,Returning
ORD00191,2023-05-24,CUST0420,Karan Sharma,Pune,Maharashtra,West,Home and Kitchen,Storage Container Set,7,479.27,0.05,3187.15,2324.06,863.09,UPI,Returning
ORD00161,2023-03-10,CUST0407,Myra Gupta,Hyderabad,Telangana,South,home & kitchen,Steel Water Bottle,1,1221.52,0.2,977.22,564.96,412.26,Credit Card,New
ORD01224,2023-02-06,CUST0392,Priya Yadav,Hyderabad,Telangana,South,Beauty,Sunscreen SPF50,8,108.6,0.25,651.6,471.51,180.09,Credit Card,New
ORD00404,2023-07-26,CUST0402,Neha Iyer,Mumbai,Maharashtra,West,Home & Kitchen,Non-Stick Pan,7,1472.33,0.1,9275.68,5187.46,4088.22,Net Banking,Returning
ORD01131,2023-08-01,CUST0317,Priya Kapoor,Noida,Uttar Pradesh,North,Electronics,Power Bank 10000mAh,6,1132.67,0.15,5776.62,3439.53,2337.09,UPI,New
ORD01562,2024-04-08,CUST0049,Aditya Das,Noida,Uttar Pradesh,North,Books,Children Story Book,-3,582.77,0.25,,,,Debit Card,Returning
ORD01898,2024-07-22,CUST0168,Saanvi Singh,Ahmedabad,Gujarat,West, Clothing ,Winter Jacket,1,1343.66,0.2,1074.93,786.85,288.08,Credit Card,Returning
ORD00762,2023-09-16,CUST0189,Sai Verma,Lucknow,Uttar Pradesh,North,Beauty,Moisturizer Cream,2,370.78,0.1,667.4,370.47,296.93,Cash on Delivery,New
ORD01976,2023-01-05,CUST0435,Vihaan Das,Hyderabad,Telangana,South,home & kitchen,Steel Water Bottle,7,1179.62,0.15,7018.74,5042.18,1976.56,Net Banking,New
ORD00069,2024-01-18,CUST0348,Myra Singh,Hyderabad,Telangana,South,Home & Kitchen,Storage Container Set,7,849.1,0,5943.7,4329.38,1614.32,Net Banking,Returning
ORD00181,2023-02-10,CUST0213,Isha Verma,Bhubaneswar,Odisha,East,beauty,Moisturizer Cream,-3,170.2,0.25,,,,Credit Card,New
ORD00051,2023-09-17,CUST0366,Karan Kumar,Ahmedabad,Gujarat,West,ELECTRONICS,Bluetooth Speaker,2,2382.05,0.15,4049.49,2362.28,1687.21,Debit Card,Returning
ORD01856,2024-10-13,CUST0331,Neha Mehta,Noida,Uttar Pradesh,North,Electronics,Bluetooth Speaker,1,907.55,0,907.55,656.57,250.98,Credit Card,Returning
ORD01324,2024-07-03,CUST0503,Vihaan Chauhan,Pune,Maharashtra,West,Sports,Dumbbell Set 5kg,4,1976.01,0,7904.04,5251.33,2652.71,UPI,Returning
ORD00718,2024-05-13,CUST0385,Aarav Kapoor,Mumbai,Maharashtra,West,Electronics,Power Bank 10000mAh,6,1481.94,0.25,6668.73,3891.68,2777.05,UPI,Returning
ORD01119,2024-06-18,CUST0179,Ananya Singh,Mumbai,Maharashtra,West,home & kitchen,Ceramic Mug Set,4,1215.42,0.05,4618.6,3028.91,1589.69,UPI,Returning
ORD01037,2023-12-01,CUST0269,Kavya Kapoor,Delhi,Delhi,North,ELECTRONICS,USB-C Charger,6,1622.08,0,9732.48,6742.69,2989.79,Debit Card,Returning
ORD01061,2023-03-21,CUST0387,Saanvi Sharma,Mumbai,Maharashtra,West,Books,Self Help Book,,196.84,0.15,,,,Net Banking,New
ORD01180,2024-02-10,CUST0004,Ishaan Gupta,Hyderabad,Telangana,South, Grocery,Almonds 500g,8,328.42,0.1,2364.62,1540.33,824.29,UPI,New
ORD01073,2023-09-05,CUST0156,Reyansh Singh,Bengaluru,Karnataka,South,Sports,Dumbbell Set 5kg,7,288.51,0.05,1918.59,1337.39,581.2,Credit Card,Returning
ORD00074,2023-10-23,CUST0501,Kabir Kumar,Jaipur,Rajasthan,North,beauty,Hair Serum,5,329.23,0.2,1316.92,1019.22,297.7,Net Banking,Returning
ORD00861,2023-02-13,CUST0387,Saanvi Sharma,Delhi,Delhi,North,ELECTRONICS,Laptop Stand,8,2128.32,0.2,13621.25,10518.3,3102.95,Net Banking,Returning
ORD01393,2023-11-29,CUST0180,Vivaan Das,Bhopal,Madhya Pradesh,Central,home & kitchen,LED Table Lamp,8,,0.05,,,,Credit Card,Returning
ORD01369,2024-13-40,CUST0460,Sai Chauhan,Indore,Madhya Pradesh,Central,Books,Cook Book,7,157.82,0,1104.74,708.68,396.06,Debit Card,New
ORD00141,2024-04-22,CUST0124,Isha Nair,Hyderabad,Telangana,South,Home & Kitchen,Ceramic Mug Set,5,1307.23,0.1,5882.53,4450.7,1431.83,Cash on Delivery,New
ORD00497,2024-07-15,CUST0135,Vivaan Kapoor,Jaipur,Rajasthan,North, Grocery,Basmati Rice 5kg,5,510.78,0,2553.9,1686.78,867.12,Net Banking,Returning
ORD01397,2024-13-40,CUST0326,Saanvi Yadav,Bhopal,Madhya Pradesh,Central, Electronics,Bluetooth Speaker,7,2328.84,0,16301.88,11301.43,5000.45,Net Banking,New
ORD01262,2024-08-25,CUST0394,Saanvi Singh, Lucknow,Uttar Pradesh,North,beauty,Face Wash,8,370.08,0.25,2220.48,1708.83,511.65,Cash on Delivery,New
ORD01595,2024-07-05,CUST0244,Arjun Iyer,Lucknow,Uttar Pradesh,North, Clothing ,Denim Jeans,7,1040.51,0,7283.57,4930.49,2353.08,Debit Card,Returning
ORD00095,2023-12-27,CUST0501,Kabir Kumar, Delhi,Delhi,North,SPORTS,Yoga Mat,2,2372.93,0,4745.86,3099.51,1646.35,Credit Card,New
ORD00786,2024-01-01,CUST0155,Vihaan Singh,Noida,Uttar Pradesh,North,Home & Kitchen,LED Table Lamp,6,957.48,0.25,4308.66,2734.51,1574.15,Credit Card,Returning
ORD01831,2024-02-05,CUST0081,Neha Verma,Lucknow,Uttar Pradesh,North,Home and Kitchen,Steel Water Bottle,1,473.87,0.15,402.79,272.22,130.57,Credit Card,Returning
ORD00801,2024-01-30,CUST0026,Vihaan Mehta,Indore,Madhya Pradesh,Central,Cloths,Winter Jacket,3,978.01,0,2934.03,1724.5,1209.53,Credit Card,New
ORD00457,2023-07-12,CUST0428,Riya Chauhan,Noida,Uttar Pradesh,North,beauty,Hair Serum,3,561.01,0,1683.03,1135.96,547.07,Debit Card,Returning
ORD00475,2023-05-25,CUST0129,Rohit Iyer,Pune,Maharashtra,West,clothing,Women Kurti,7,1531.48,0.05,10184.34,6224.99,3959.35,Credit Card,New
ORD01195,2023-10-30,CUST0473,Kavya Mehta,Pune,Maharashtra,West,Home and Kitchen,LED Table Lamp,8,458.27,0.05,3482.85,1947.48,1535.37,Credit Card,Returning
ORD00936,2024-04-28,CUST0510,Kabir Chauhan,Lucknow,Uttar Pradesh,North,books,Fiction Novel,7,653.17,0.05,4343.58,2814.38,1529.2,Cash on Delivery,Returning
ORD01186,2024-03-24,CUST0302,Simran Mehta,Bengaluru,Karnataka,South, Beauty,Face Wash,8,830.18,0,6641.44,4534.14,2107.3,Credit Card,Returning
ORD01471,2024-07-17,CUST0088,Simran Iyer,Patna,Bihar,East,SPORTS,Skipping Rope,4,250.92,0.15,853.13,575.38,277.75,Cash on Delivery,New
ORD01282,2023-09-30,CUST0408,Riya Gupta,Lucknow,Uttar Pradesh,North,Beauty,Face Wash,1,793.68,0,793.68,619.39,174.29,UPI,Returning
ORD00192,2024-11-19,CUST0462,Kabir Das,Chennai,Tamil Nadu,South,Books,Cook Book,-3,175.71,0.25,,,,Cash on Delivery,New
ORD00325,2024-11-25,CUST0124,Isha Nair,Patna,Bihar,East,SPORTS,Cricket Bat,4,1956.72,0.15,6652.85,3764.22,2888.63,Debit Card,New
ORD01569,2024-12-01,CUST0514,Reyansh Kumar,Hyderabad,Telangana,South,Beauty,Sunscreen SPF50,6,419.63,0.2,2014.22,1493.0,521.22,Net Banking,Returning
ORD00658,2023-06-15,CUST0125,Aadhya Nair,Delhi,Delhi,North, Clothing ,Men Cotton T-Shirt,7,1140.81,0.25,5989.25,3503.51,2485.74,Cash on Delivery,Returning
ORD01146,2023-04-02,CUST0499,Diya Mehta,Chennai,Tamil Nadu,South,Home & Kitchen,Ceramic Mug Set,1,591.73,0,591.73,348.41,243.32,Cash on Delivery,Returning
ORD00966,2024-11-29,CUST0441,Rahul Kapoor,Kolkata,West Bengal,East,SPORTS,Football,1,2391.1,0,2391.1,1823.74,567.36,UPI,New
ORD01394,2023-01-18,CUST0239,Pooja Nair,Indore,Madhya Pradesh,Central,home & kitchen,Non-Stick Pan,8,224.84,0.05,1708.78,959.3,749.48,Cash on Delivery,Returning
ORD01882,2023-05-02,CUST0396,Saanvi Sharma,Bhopal,Madhya Pradesh,Central,electronics,Laptop Stand,3,1378.11,0.15,3514.18,2232.99,1281.19,Debit Card,Returning
ORD00759,2023-05-17,CUST0221,Priya Kumar,Patna,Bihar,East,beauty,Hair Serum,5,363.43,0.2,1453.72,851.96,601.76,Cash on Delivery,Returning
ORD00182,2023-04-14,CUST0237,Arjun Patel,Chennai,Tamil Nadu,South,home & kitchen,Ceramic Mug Set,3,1335.38,0.15,3405.22,2555.27,849.95,Debit Card,Returning
ORD00971,2024-02-04,CUST0340,Myra Patel,Patna,Bihar,East, Beauty,Face Wash,2,233.34,0,466.68,347.49,119.19,Debit Card,Returning
ORD00163,2024-12-11,CUST0406,Aditya Patel,Bhopal,Madhya Pradesh,Central,Home and Kitchen,Storage Container Set,8,1396.09,0,11168.72,7086.18,4082.54,Debit Card,Returning
ORD00412,2024-02-29,CUST0252,Reyansh Patel,Delhi,Delhi,North, Grocery,Almonds 500g,3,820.59,0.2,1969.42,1525.35,444.07,Cash on Delivery,Returning
ORD00602,2023-10-04,CUST0110,Aditya Chauhan,Jaipur,Rajasthan,North,Sports,Football,6,2186.92,0,13121.52,9518.26,3603.26,Cash on Delivery,New
ORD00105,2024-01-25,CUST0276,Aarav Patel,Lucknow,Uttar Pradesh,North,home & kitchen,Storage Container Set,7,557.75,0,3904.25,2499.82,1404.43,Credit Card,Returning
ORD01470,2024-12-30,CUST0249,Vivaan Kumar,Lucknow,Uttar Pradesh,North,ELECTRONICS,Bluetooth Speaker,2,2809.55,0.25,4214.33,2903.33,1311.0,Net Banking,Returning
ORD01555,2023-02-28,CUST0249,Vivaan Kumar,Bengaluru,Karnataka,South,home & kitchen,Non-Stick Pan,3,917.87,0.05,2615.93,1508.78,1107.15,Debit Card,New
ORD00855,2023-08-25,CUST0481,Priya Sharma,Mumbai,Maharashtra,West,Books,Fiction Novel,1,362.88,0.2,290.3,161.15,129.15,Net Banking,Returning
ORD01030,2023-11-06,CUST0269,Kavya Kapoor,Pune,Maharashtra,West,Sports,Dumbbell Set 5kg,1,2207.0,0.1,1986.3,1106.5,879.8,Cash on Delivery,Returning
ORD01876,2024-11-02,CUST0431,Neha Das,Noida,Uttar Pradesh,North,clothing,Women Kurti,1,1657.44,0.25,1243.08,774.8,468.28,Cash on Delivery,New
ORD00188,2023-08-29,CUST0455,Saanvi Verma, Ahmedabad,Gujarat,West,sports,Yoga Mat,8,925.94,0,7407.52,4264.22,3143.3,Net Banking,New
ORD01189,2024-03-11,CUST0189,Sai Verma,Indore,Madhya Pradesh,Central,Clothing,Running Shoes,-1,665.27,0.1,,,,Net Banking,New
ORD01524,2023-04-28,CUST0208,Riya Das,Bhubaneswar,Odisha,East,electronics,Bluetooth Speaker,7,2580.54,0.2,14451.02,10109.47,4341.55,Credit Card,New
ORD01646,2024-03-22,CUST0115,Simran Nair,Kolkata,West Bengal,East,beauty,Hair Serum,4,,0,,,,Cash on Delivery,New
ORD00618,2024-01-12,CUST0352,Priya Singh,Bengaluru,Karnataka,South,electronics,Bluetooth Speaker,1,912.24,0,912.24,727.73,184.51,UPI,New
ORD00016,2024-11-05,CUST0009,Vivaan Sharma,Kolkata,West Bengal,East, Grocery,Basmati Rice 5kg,8,848.56,0.05,6449.06,4525.73,1923.33,Debit Card,New
ORD01554,2024-11-24,CUST0429,Kabir Yadav,Chennai,Tamil Nadu,South,Clothing,Women Kurti,4,775.67,0,3102.68,1945.83,1156.85,Debit Card,New
ORD00730,2023-06-09,CUST0482,Aadhya Singh,Ahmedabad,Gujarat,West,Electronics,Webcam HD,5,1302.6,0,6513.0,4264.78,2248.22,Credit Card,New
ORD01255,2023-07-03,CUST0541,Aadhya Reddy,Hyderabad,Telangana,South,Home and Kitchen,Ceramic Mug Set,7,725.7,0,5079.9,3235.03,1844.87,UPI,New
ORD01862,2023-06-02,CUST0210,Aditya Iyer,Mumbai,Maharashtra,West, Grocery,Cooking Oil 1L,7,787.53,0.25,4134.53,2483.28,1651.25,Cash on Delivery,New
ORD01681,2023-03-10,CUST0408,Riya Gupta,Bhubaneswar,Odisha,East,Cloths,Women Kurti,1,538.01,0,538.01,369.94,168.07,Cash on Delivery,Returning
ORD01148,2024-13-40,CUST0339,Aditya Nair,Bengaluru,Karnataka,South,Sports,Cricket Bat,1,727.36,0.1,654.62,426.86,227.76,Net Banking,New
ORD00111,2024-08-25,CUST0155,Vihaan Singh,Jaipur,Rajasthan,North, Electronics,Wireless Mouse,2,612.39,0,1224.78,780.29,444.49,Debit Card,Returning
ORD01043,2023-08-23,CUST0491,Ananya Singh,Jaipur,Rajasthan,North, Clothing ,Denim Jeans,7,1771.88,0.25,9302.37,6404.93,2897.44,Credit Card,Returning
ORD01804,2024-12-29,CUST0290,Diya Reddy,Mumbai,Maharashtra,West,clothing,Winter Jacket,6,519.82,0,3118.92,2283.08,835.84,Credit Card,New
ORD00850,2023-05-11,CUST0434,Sai Kumar,Noida,Uttar Pradesh,North,Electronics,Wireless Mouse,5,1066.31,0.05,5064.97,3568.67,1496.3,Cash on Delivery,Returning
ORD01566,2024-12-24,CUST0498,Pooja Iyer,Bengaluru,Karnataka,South,Beauty,Face Wash,6,202.52,0,1215.12,905.43,309.69,Net Banking,New
ORD01763,2023-05-20,CUST0403,  Aarav Reddy  ,Bhubaneswar,Odisha,East, Grocery,Cooking Oil 1L,6,774.1,0.2,3715.68,2237.42,1478.26,Cash on Delivery,Returning
ORD01433,2024-06-21,CUST0309,Kavya Chauhan,Delhi,Delhi,North,home & kitchen,Non-Stick Pan,1,384.62,0.05,365.39,223.29,142.1,UPI,Returning
ORD00991,2024-07-17,CUST0171,Aarav Reddy,Jaipur,Rajasthan,North,books,Self Help Book,4,325.11,0.1,1170.4,765.99,404.41,Net Banking,Returning
ORD01348,2024-02-19,CUST0054,Kabir Patel,Chennai,Tamil Nadu,South,beauty,Moisturizer Cream,2,496.06,0,992.12,601.66,390.46,UPI,New
ORD01627,2023-03-02,CUST0304,Simran Kapoor,Mumbai,Maharashtra,West,beauty,Hair Serum,2,813.96,0.2,1302.34,833.68,468.66,Cash on Delivery,Returning
ORD00764,2024-07-02,CUST0354,Arjun Yadav,Pune,Maharashtra,West, Grocery,Cooking Oil 1L,3,901.29,0,2703.87,1830.07,873.8,Net Banking,New
ORD00417,2023-02-18,CUST0128,Diya Sharma,Chennai,Tamil Nadu,South,Home and Kitchen,Non-Stick Pan,4,1246.0,0.05,4734.8,3018.83,1715.97,Debit Card,New
ORD00440,2024-09-26,CUST0098,Karan Kumar,Patna,Bihar,East, Beauty,Face Wash,1,832.37,0,832.37,620.67,211.7,UPI,Returning
ORD01359,2024-02-13,CUST0123,Simran Patel,Pune,Maharashtra,West,SPORTS,Dumbbell Set 5kg,8,2036.06,0,16288.48,9556.21,6732.27,Debit Card,New
ORD01144,2023-07-07,CUST0418,Isha Singh,Delhi,Delhi,North,Books,Fiction Novel,4,319.52,0.1,1150.27,749.57,400.7,UPI,New
ORD00869,2023-06-05,CUST0262,Pooja Mehta,Bhopal,Madhya Pradesh,Central,Clothing,Men Cotton T-Shirt,1,750.36,0,750.36,453.8,296.56,Credit Card,Returning
ORD00252,2023-05-18,CUST0041,Vihaan Reddy,Chennai,Tamil Nadu,South,books,Children Story Book,8,253.38,0.15,1722.98,1087.06,635.92,Net Banking,Returning
ORD00384,2023-05-17,CUST0336,Aarav Sharma,Ahmedabad,Gujarat,West,Home & Kitchen,Non-Stick Pan,3,710.54,0.05,2025.04,1124.27,900.77,UPI,New
ORD01642,2023-04-24,CUST0158,Arjun Reddy,Noida,Uttar Pradesh,North,Home & Kitchen,Non-Stick Pan,6,754.22,0.2,3620.26,2430.06,1190.2,Net Banking,Returning
ORD00892,2024-02-17,CUST0195,Neha Sharma,Kolkata,West Bengal,East,books,Fiction Novel,4,607.98,0.25,1823.94,1257.36,566.58,Net Banking,Returning
ORD00745,2024-05-13,CUST0231,Kabir Iyer,Hyderabad,Telangana,South,Electronics,Power Bank 10000mAh,6,950.49,0.25,4277.2,3247.15,1030.05,Net Banking,Returning
ORD01702,2023-03-22,CUST0184,Vivaan Das,Hyderabad,Telangana,South,beauty,Lipstick,3,850.2,0,2550.6,1868.71,681.89,UPI,New
ORD01819,2024-07-17,CUST0257,Pooja Gupta,Chennai,Tamil Nadu,South, Beauty,Hair Serum,8,101.88,0.1,733.54,479.84,253.7,Net Banking,Returning
ORD01832,2024-03-30,CUST0339,Aditya Nair,Mumbai,Maharashtra,West,SPORTS,Skipping Rope,4,619.11,0.05,2352.62,1480.58,872.04,Net Banking,New
ORD01275,2023-07-31,CUST0070,Priya Kumar,Indore,Madhya Pradesh,Central, Grocery,Cooking Oil 1L,4,752.97,0.2,2409.5,1611.89,797.61,Credit Card,Returning
ORD00729,2023-03-08,CUST0308,Myra Mehta,Noida,Uttar Pradesh,North,Books,Cook Book,1,672.22,0.15,571.39,320.75,250.64,Credit Card,New
ORD00724,2023-06-04,CUST0229,Diya Singh,Kolkata,West Bengal,East,books,Cook Book,4,572.46,0.15,1946.36,1505.14,441.22,Cash on Delivery,New
ORD00594,2023-04-21,CUST0461,Aadhya Patel,Bhopal,Madhya Pradesh,Central,Sports,Football,6,2241.39,0.2,10758.67,8459.72,2298.95,Debit Card,Returning
ORD01619,2023-09-17,CUST0069,Pooja Iyer,Noida,Uttar Pradesh,North, Electronics,Laptop Stand,8,1129.33,0.05,8582.91,5904.53,2678.38,UPI,Returning
ORD00493,2023-07-14,CUST0434,Sai Kumar,Jaipur,Rajasthan,North,grocery,Cooking Oil 1L,4,,0.25,,,,Debit Card,New
ORD01139,2024-05-03,CUST0224,Vihaan Verma,Kolkata,West Bengal,East,books,Fiction Novel,2,681.04,0.25,1021.56,594.83,426.73,Credit Card,New
ORD00689,2024-03-08,CUST0189,Sai Verma,Bhubaneswar,Odisha,East,Home and Kitchen,Non-Stick Pan,7,1453.71,0.1,9158.37,7315.06,1843.31,Cash on Delivery,New
ORD00747,2024-03-20,CUST0107,Ananya Singh,Ahmedabad,Gujarat,West, Grocery,Almonds 500g,7,644.97,0.2,3611.83,2024.52,1587.31,UPI,New
ORD01849,2023-09-07,CUST0518,Priya Gupta,Bhopal,Madhya Pradesh,Central,beauty,Hair Serum,5,449.11,0,2245.55,1463.37,782.18,Cash on Delivery,New
ORD00695,2023-04-24,CUST0183,Diya Sharma,Indore,Madhya Pradesh,Central, Clothing ,Running Shoes,4,1009.91,0.15,3433.69,2549.94,883.75,UPI,Returning
ORD00115,2023-12-23,CUST0469,Aditya Kumar,Kolkata,West Bengal,East,Cloths,Running Shoes,3,831.42,0,2494.26,1485.98,1008.28,Credit Card,Returning
ORD00102,2024-04-06,CUST0365,Ishaan Kapoor,Hyderabad,Telangana,South,beauty,Moisturizer Cream,7,167.56,0.05,1114.27,811.5,302.77,UPI,Returning
ORD01678,2024-11-18,CUST0305,Vihaan Chauhan, Patna,Bihar,East,home & kitchen,LED Table Lamp,8,587.06,0,4696.48,3054.21,1642.27,Debit Card,New
ORD01305,2023-08-26,CUST0052,Ishaan Gupta,Bhubaneswar,Odisha,East,Grocery,Cooking Oil 1L,4,583.87,0,2335.48,1458.44,877.04,Net Banking,New
ORD01017,2023-04-12,CUST0497,Isha Reddy,Lucknow,Uttar Pradesh,North, Electronics,Laptop Stand,4,928.91,0.15,3158.29,2082.02,1076.27,Credit Card,Returning
ORD00212,2024-02-06,CUST0298,Pooja Chauhan,Delhi,Delhi,North, Beauty,Hair Serum,6,500.73,0,3004.38,2221.14,783.24,Credit Card,Returning
ORD00566,2023-09-05,CUST0401,Riya Gupta,Noida,Uttar Pradesh,North,SPORTS,Dumbbell Set 5kg,7,495.4,0,3467.8,2256.77,1211.03,Debit Card,New
ORD00414,2024-11-07,CUST0303,Neha Mehta,Bengaluru,Karnataka,South, Beauty,Hair Serum,6,,0.1,,,,Cash on Delivery,New
ORD01953,2023-07-10,CUST0330,Simran Patel,Noida,Uttar Pradesh,North,Home & Kitchen,Non-Stick Pan,3,918.6,0.05,2618.01,1604.69,1013.32,Debit Card,New
ORD01421,2024-08-27,CUST0209,Rohit Verma,Bhubaneswar,Odisha,East,beauty,Lipstick,,895.98,0,,,,Cash on Delivery,Returning
ORD00232,2023-03-22,CUST0505,Vihaan Chauhan,Kolkata,West Bengal,East,Electronics,Laptop Stand,6,1628.32,0.1,8792.93,5915.02,2877.91,Cash on Delivery,Returning
ORD00754,2023-02-11,CUST0159,Sai Kumar,Patna,Bihar,East,Home & Kitchen,Ceramic Mug Set,4,517.96,0.05,1968.25,1154.07,814.18,Debit Card,New
ORD01674,2024-03-15,CUST0103,Aadhya Sharma,Hyderabad,Telangana,South,grocery,Almonds 500g,5,442.8,0,2214.0,1741.38,472.62,Debit Card,New
ORD00580,2023-11-02,CUST0466,Pooja Das,Chennai,Tamil Nadu,South, Grocery,Basmati Rice 5kg,2,125.36,0,250.72,146.59,104.13,Debit Card,Returning
ORD00129,2024-11-05,CUST0211,Reyansh Iyer,Hyderabad,Telangana,South,SPORTS,Cricket Bat,5,1685.19,0.05,8004.65,5392.91,2611.74,UPI,New
ORD01650,2023-04-17,CUST0335,Reyansh Gupta,Lucknow,Uttar Pradesh,North,home & kitchen,Non-Stick Pan,3,1359.25,0.2,3262.2,2189.39,1072.81,Debit Card,Returning
ORD01893,2024-07-08,CUST0219,Karan Iyer,Chennai,Tamil Nadu,South, Clothing ,Formal Shirt,7,1418.34,0,9928.38,7097.66,2830.72,UPI,New
ORD00739,2023-03-26,CUST0517,Aarav Chauhan,Delhi,Delhi,North, Beauty,Moisturizer Cream,4,719.73,0.15,2447.08,1667.42,779.66,Credit Card,New
ORD00814,2023-08-27,CUST0141,Pooja Das,Hyderabad,Telangana,South,home & kitchen,Ceramic Mug Set,7,224.03,0.25,1176.16,653.8,522.36,Net Banking,New
ORD01927,2024-03-27,CUST0441,Rahul Kapoor,Bhubaneswar,Odisha,East,Sports,Yoga Mat,3,607.06,0,1821.18,1450.12,371.06,Credit Card,Returning
ORD01392,2024-04-26,CUST0006,Simran Chauhan,Mumbai,Maharashtra,West, Electronics,Webcam HD,7,2481.56,0.1,15633.83,11269.23,4364.6,Debit Card,New
ORD00303,2023-01-01,CUST0368,Karan Singh,Pune,Maharashtra,West,grocery,Basmati Rice 5kg,7,661.69,0.2,3705.46,2391.47,1313.99,Cash on Delivery,New
ORD01006,2023-10-16,CUST0110,  Aditya Chauhan  ,Jaipur,Rajasthan,North,home & kitchen,Storage Container Set,1,487.39,0.1,438.65,244.81,193.84,UPI,New
ORD00314,2024-04-17,CUST0248,Myra Gupta,Bhubaneswar,Odisha,East,Books,Children Story Book,3,321.3,0,963.9,730.56,233.34,UPI,Returning
ORD01589,2023-11-14,CUST0173,Riya Kumar,Lucknow,Uttar Pradesh,North, Grocery,Green Tea Pack,1,240.61,0.15,204.52,112.86,91.66,Cash on Delivery,Returning
ORD00318,2023-08-12,CUST0109,Rohit Verma, Bhopal,Madhya Pradesh,Central, Beauty,Lipstick,2,155.33,0.25,233.0,129.24,103.76,Net Banking,New
ORD01603,2023-09-28,CUST0446,Vihaan Yadav,Pune,Maharashtra,West, Beauty,Hair Serum,6,740.23,0,4441.38,3380.43,1060.95,Debit Card,New
ORD00254,2023-03-06,CUST0397,Kavya Mehta,Noida,Uttar Pradesh,North,SPORTS,Dumbbell Set 5kg,3,1608.99,0.15,4102.92,2369.91,1733.01,Cash on Delivery,New
ORD00617,2023-07-20,CUST0389,Kavya Kapoor,Patna,Bihar,East,Books,Cook Book,7,531.49,0.2,2976.34,2045.9,930.44,UPI,Returning
ORD00770,2023-07-02,CUST0046,Reyansh Patel,Bhopal,Madhya Pradesh,Central,Clothing,Winter Jacket,4,1510.1,0.05,5738.38,3866.63,1871.75,Cash on Delivery,New
ORD00043,2024-13-40,CUST0317,Priya Kapoor,Delhi,Delhi,North,Cloths,Winter Jacket,3,562.41,0,1687.23,1142.12,545.11,Cash on Delivery,New
ORD01621,2023-08-20,CUST0085,Priya Kapoor,Hyderabad,Telangana,South,books,Cook Book,8,412.49,0,3299.92,2614.67,685.25,Debit Card,New
ORD01504,2023-01-01,CUST0340,Myra Patel,Lucknow,Uttar Pradesh,North,Beauty,Sunscreen SPF50,1,531.71,0,531.71,330.44,201.27,UPI,New
ORD01279,2023-09-23,CUST0186,Aadhya Gupta,Chennai,Tamil Nadu,South, Clothing ,Formal Shirt,8,1537.69,0,12301.52,7305.38,4996.14,Credit Card,Returning
ORD00540,2024-06-30,CUST0550,  Reyansh Kumar  ,Indore,Madhya Pradesh,Central, Clothing ,Men Cotton T-Shirt,7,1194.81,0.05,7945.49,5766.62,2178.87,Credit Card,Returning
ORD01962,2024-05-23,CUST0471,Riya Das,Mumbai,Maharashtra,West, Clothing ,Winter Jacket,6,,0.25,,,,Net Banking,New
ORD00883,2023-07-04,CUST0010,Aditya Singh,Patna,Bihar,East,Home and Kitchen,LED Table Lamp,6,637.33,0.05,3632.78,2189.71,1443.07,Debit Card,Returning
ORD00923,2024-09-06,CUST0489,Riya Yadav,Lucknow,Uttar Pradesh,North, Beauty,Face Wash,5,500.13,0.15,2125.55,1370.68,754.87,UPI,Returning
ORD01591,2024-12-24,CUST0198,Rohit Das,Chennai,Tamil Nadu,South,ELECTRONICS,USB-C Charger,3,1109.22,0,3327.66,2399.56,928.1,Cash on Delivery,New
ORD00346,2023-02-11,CUST0120,Pooja Chauhan,Lucknow,Uttar Pradesh,North, Electronics,Webcam HD,8,1263.96,0.05,9606.1,6684.48,2921.62,Credit Card,Returning
ORD00062,2023-05-08,CUST0312,Myra Patel,Delhi,Delhi,North,Cloths,Formal Shirt,5,1737.09,0.1,7816.9,4543.91,3272.99,Debit Card,New
ORD01847,2023-06-07,CUST0082,Kavya Reddy,Patna,Bihar,East,clothing,Running Shoes,8,453.99,0,3631.92,2187.88,1444.04,Credit Card,New
ORD00704,2024-01-07,CUST0315,Neha Das,Bhubaneswar,Odisha,East,Cloths,Winter Jacket,5,561.55,0,2807.75,1647.11,1160.64,Debit Card,Returning
ORD00453,2023-03-28,CUST0532,Rohit Patel, Jaipur,Rajasthan,North,Clothing,Winter Jacket,6,1023.37,0.2,4912.18,3153.02,1759.16,Net Banking,Returning
ORD01201,2024-08-31,CUST0535,Rohit Kumar,Lucknow,Uttar Pradesh,North,Home & Kitchen,LED Table Lamp,5,1004.03,0.25,3765.11,2619.42,1145.69,Net Banking,New
ORD01978,2023-12-26,CUST0271,Saanvi Singh,Bhubaneswar,Odisha,East,Home and Kitchen,Ceramic Mug Set,7,699.51,0.1,4406.91,3495.17,911.74,UPI,Returning
ORD01959,2024-05-23,CUST0365,Ishaan Kapoor,Indore,Madhya Pradesh,Central,SPORTS,Dumbbell Set 5kg,2,2126.1,0.2,3401.76,1916.63,1485.13,Credit Card,New
ORD00316,2024-01-20,CUST0190,Neha Verma,Bhopal,Madhya Pradesh,Central,electronics,USB-C Charger,2,2023.71,0.1,3642.68,2704.11,938.57,Debit Card,Returning
ORD01940,2024-07-19,CUST0280,Kabir Mehta,Bengaluru,Karnataka,South,sports,Football,6,267.63,0.15,1364.91,1033.45,331.46,Cash on Delivery,New
ORD01001,2024-11-12,CUST0534,Arjun Gupta,Pune,Maharashtra,West,Cloths,Women Kurti,5,337.61,0.2,1350.44,953.87,396.57,Credit Card,Returning
ORD01899,2023-07-28,CUST0221,Priya Kumar,Indore,Madhya Pradesh,Central,SPORTS,Football,7,906.11,0,6342.77,5034.72,1308.05,UPI,New
ORD01350,,CUST0278,Diya Kumar,Chennai,Tamil Nadu,South,Beauty,Sunscreen SPF50,7,791.8,0.15,4711.21,3753.0,958.21,UPI,Returning
ORD00864,2023-08-21,CUST0259,Sai Yadav,Chennai,Tamil Nadu,South,beauty,Sunscreen SPF50,4,469.64,0,1878.56,1148.44,730.12,Credit Card,New
ORD01615,2024-01-06,CUST0080,Simran Reddy,Pune,Maharashtra,West,SPORTS,Skipping Rope,7,2116.16,0,14813.12,10175.2,4637.92,Debit Card,New
ORD00699,2023-07-24,CUST0301,Myra Verma,Pune,Maharashtra,West,electronics,Webcam HD,4,2144.91,0.05,8150.66,6106.38,2044.28,Net Banking,New
ORD01155,2023-02-18,CUST0469,Aditya Kumar,Hyderabad,Telangana,South,electronics,Power Bank 10000mAh,7,2478.82,0,17351.74,12448.18,4903.56,UPI,Returning
ORD01389,2023-11-10,CUST0550,Reyansh Kumar,Indore,Madhya Pradesh,Central,home & kitchen,Non-Stick Pan,6,868.91,0.1,4692.11,3246.2,1445.91,Net Banking,New
ORD00405,2024-11-25,CUST0500,Rahul Nair,Noida,Uttar Pradesh,North,Books,Fiction Novel,6,453.29,0.2,2175.79,1680.33,495.46,UPI,Returning
ORD00272,2023-01-31,CUST0287,Vivaan Verma,Noida,Uttar Pradesh,North,Cloths,Winter Jacket,2,1539.81,0.05,2925.64,1914.34,1011.3,Cash on Delivery,New
ORD00874,2024-05-18,CUST0406,Aditya Patel,Kolkata,West Bengal,East, Clothing ,Winter Jacket,5,712.5,0.15,3028.12,1785.98,1242.14,Debit Card,Returning
ORD00894,2024-06-17,CUST0120,Pooja Chauhan,Kolkata,West Bengal,East, Clothing ,Winter Jacket,6,502.58,0.15,2563.16,1567.4,995.76,Cash on Delivery,Returning
ORD00217,2024-10-06,CUST0151,Simran Patel,Mumbai,Maharashtra,West,Cloths,Women Kurti,7,1317.91,0,9225.37,7100.1,2125.27,Debit Card,New
ORD01915,2024-08-13,CUST0439,Rahul Singh,Noida,Uttar Pradesh,North,Cloths,Formal Shirt,1,691.89,0.1,622.7,365.31,257.39,Net Banking,Returning
ORD01452,2024-07-12,CUST0272,Reyansh Kapoor,Pune,Maharashtra,West,Books,Fiction Novel,8,479.27,0.1,3450.74,2681.84,768.9,UPI,New
ORD01474,2023-11-02,CUST0157,Priya Nair,Hyderabad,Telangana,South,SPORTS,Dumbbell Set 5kg,-1,1873.14,0.2,,,,Net Banking,New
ORD01889,2023-05-22,CUST0488,Rahul Nair,Indore,Madhya Pradesh,Central,books,Cook Book,6,,0,,,,UPI,Returning
ORD00544,2024-10-19,CUST0178,Arjun Singh,Hyderabad,Telangana,South,Clothing,Winter Jacket,8,1241.07,0.1,8935.7,6499.28,2436.42,Net Banking,New
ORD01836,2023-03-07,CUST0289,Isha Chauhan,Chennai,Tamil Nadu,South,books,Children Story Book,7,151.71,0.05,1008.87,790.82,218.05,UPI,Returning
ORD00946,2024-08-16,CUST0255,Priya Kapoor,Delhi,Delhi,North,Home and Kitchen,Non-Stick Pan,5,939.33,0.05,4461.82,3517.35,944.47,Credit Card,New
ORD00853,2024-03-30,CUST0394,Saanvi Singh,Indore,Madhya Pradesh,Central,sports,Yoga Mat,5,670.8,0.2,2683.2,2005.42,677.78,Cash on Delivery,Returning
ORD00031,2024-12-11,CUST0185,Saanvi Iyer,Lucknow,Uttar Pradesh,North,books,Children Story Book,3,627.42,0.2,1505.81,854.39,651.42,UPI,New
ORD01410,2024-06-07,CUST0448,Vivaan Mehta,Patna,Bihar,East,Home and Kitchen,Ceramic Mug Set,4,1127.0,0.25,3381.0,2136.71,1244.29,Cash on Delivery,Returning
ORD01166,2023-12-01,CUST0060,Diya Reddy,Bengaluru,Karnataka,South,home & kitchen,Storage Container Set,1,254.35,0.25,190.76,126.01,64.75,Cash on Delivery,Returning
ORD00636,2024-07-21,CUST0482,Aadhya Singh,Bhubaneswar,Odisha,East,electronics,Wireless Mouse,1,2162.13,0,2162.13,1467.49,694.64,Cash on Delivery,Returning
ORD01705,2023-12-16,CUST0194,Ishaan Das,Noida,Uttar Pradesh,North,ELECTRONICS,Webcam HD,3,2734.63,0.05,7793.7,5061.81,2731.89,UPI,Returning
ORD01122,2024-02-17,CUST0333,Ishaan Patel,Chennai,Tamil Nadu,South,grocery,Cooking Oil 1L,4,982.94,0,3931.76,3098.51,833.25,Cash on Delivery,New
ORD00583,2023-08-20,CUST0304,Simran Kapoor, Bhubaneswar,Odisha,East,ELECTRONICS,Webcam HD,4,2079.6,0.05,7902.48,5719.35,2183.13,UPI,Returning
ORD01229,2023-05-15,CUST0148,Isha Reddy,Pune,Maharashtra,West,books,Fiction Novel,3,267.07,0,801.21,469.09,332.12,UPI,Returning
ORD00746,2023-10-14,CUST0283,Priya Mehta,Bhopal,Madhya Pradesh,Central,Home and Kitchen,Steel Water Bottle,5,1477.01,0,7385.05,5378.34,2006.71,Net Banking,New
ORD01829,2023-04-26,CUST0217,Priya Chauhan,Chennai,Tamil Nadu,South,Home & Kitchen,LED Table Lamp,4,508.86,0.05,1933.67,1483.32,450.35,Net Banking,Returning
ORD00678,2023-06-20,CUST0537,Vihaan Iyer, Noida,Uttar Pradesh,North,Sports,Cricket Bat,1,2430.75,0,2430.75,1823.97,606.78,Net Banking,Returning
ORD01791,2024-13-40,CUST0244,Arjun Iyer,Mumbai,Maharashtra,West,home & kitchen,Steel Water Bottle,1,1117.71,0,1117.71,848.56,269.15,Net Banking,New
ORD00584,2023-08-10,CUST0395,Kabir Reddy,Noida,Uttar Pradesh,North,Beauty,Lipstick,6,707.39,0.25,3183.26,2272.28,910.98,Cash on Delivery,New
ORD01456,2024-05-22,CUST0139,Saanvi Singh,Ahmedabad,Gujarat,West,Books,Children Story Book,1,697.0,0.25,522.75,374.94,147.81,UPI,New
ORD00128,2023-04-13,CUST0127,Ishaan Verma,Kolkata,West Bengal,East,books,Children Story Book,6,584.09,0,3504.54,2144.92,1359.62,Cash on Delivery,Returning
ORD01011,2023-10-10,CUST0205,Karan Kumar,Ahmedabad,Gujarat,West,Beauty,Face Wash,1,112.94,0.15,96.0,65.56,30.44,Cash on Delivery,Returning
ORD00035,2024-13-40,CUST0080,Simran Reddy,Indore,Madhya Pradesh,Central,Home and Kitchen,Ceramic Mug Set,7,575.37,0.15,3423.45,2030.0,1393.45,Cash on Delivery,Returning
ORD00079,2023-12-05,CUST0470,Riya Singh,Patna,Bihar,East,Home and Kitchen,Storage Container Set,-2,1227.0,0.05,,,,Credit Card,Returning
ORD01261,2023-02-27,CUST0480,Rahul Kumar,Pune,Maharashtra,West,Beauty,Sunscreen SPF50,,651.21,0.25,,,,Credit Card,New
ORD00963,2023-01-24,CUST0439,Rahul Singh, Bengaluru,Karnataka,South,Books,Cook Book,1,370.46,0.05,351.94,272.78,79.16,Cash on Delivery,New
ORD01221,2023-01-21,CUST0507,Rahul Gupta,Bhubaneswar,Odisha,East,SPORTS,Football,4,565.99,0.05,2150.76,1634.68,516.08,UPI,New
ORD00989,2024-07-16,CUST0451,Aditya Iyer,Pune,Maharashtra,West,books,Self Help Book,4,258.08,0.05,980.7,766.37,214.33,Cash on Delivery,New
ORD00509,2023-02-19,CUST0399,Kavya Chauhan,Delhi,Delhi,North,Home and Kitchen,Steel Water Bottle,7,818.92,0,5732.44,4136.9,1595.54,Credit Card,New
ORD01662,2023-07-18,CUST0245,Vivaan Kapoor,Noida,Uttar Pradesh,North,books,Cook Book,-1,404.76,0.25,,,,UPI,Returning
ORD01664,2023-05-06,CUST0196,Neha Verma,Kolkata,West Bengal,East,grocery,Basmati Rice 5kg,,513.11,0,,,,UPI,New
ORD01202,2024-05-17,CUST0357,Neha Mehta,Ahmedabad,Gujarat,West,Sports,Skipping Rope,1,611.05,0.25,458.29,335.83,122.46,Cash on Delivery,New
ORD01509,2024-07-03,CUST0195,Neha Sharma,Lucknow,Uttar Pradesh,North,Home and Kitchen,Steel Water Bottle,6,747.58,0,4485.48,3078.65,1406.83,Credit Card,Returning
ORD01028,2024-06-23,CUST0070,Priya Kumar,Bengaluru,Karnataka,South,Electronics,Wireless Mouse,4,2995.52,0.05,11382.98,7278.7,4104.28,Cash on Delivery,New
ORD01744,2023-01-13,CUST0423,Aarav Das,Bengaluru,Karnataka,South,Beauty,Hair Serum,3,273.01,0.1,737.13,547.56,189.57,Net Banking,New
ORD00304,2023-07-12,CUST0369,Kabir Nair,Indore,Madhya Pradesh,Central,Beauty,Lipstick,3,206.42,0,619.26,362.89,256.37,Net Banking,Returning
ORD00917,2023-10-13,CUST0220,Aarav Patel,Bhopal,Madhya Pradesh,Central,Books,Self Help Book,7,573.91,0,4017.37,3088.08,929.29,UPI,New
ORD01054,2024-13-40,CUST0236,Aarav Mehta,Delhi,Delhi,North,Electronics,Wireless Mouse,7,1544.53,0,10811.71,8406.21,2405.5,Cash on Delivery,Returning
ORD00445,2024-12-12,CUST0479,Kabir Das,Kolkata,West Bengal,East,books,Children Story Book,7,329.74,0,2308.18,1555.67,752.51,UPI,New
ORD00259,2024-07-17,CUST0333,Ishaan Patel,Indore,Madhya Pradesh,Central,home & kitchen,Ceramic Mug Set,6,989.94,0.05,5642.66,3632.55,2010.11,Cash on Delivery,Returning
ORD00241,2023-04-17,CUST0160,Riya Singh,Pune,Maharashtra,West,books,Children Story Book,5,392.74,0,1963.7,1094.06,869.64,Debit Card,Returning
ORD01451,2023-03-25,CUST0238,Kabir Gupta,Lucknow,Uttar Pradesh,North,Home & Kitchen,Ceramic Mug Set,7,1282.2,0.05,8526.63,6729.64,1796.99,Debit Card,New
ORD01801,2023-09-23,CUST0528,Vivaan Kumar,Noida,Uttar Pradesh,North,SPORTS,Football,1,1261.74,0.2,1009.39,646.99,362.4,Debit Card,Returning
ORD00582,2023-05-22,CUST0123,Simran Patel,Delhi,Delhi,North,Home & Kitchen,Steel Water Bottle,7,1026.97,0.05,6829.35,4742.79,2086.56,Net Banking,Returning
ORD00758,2023-02-28,CUST0489,Riya Yadav,Indore,Madhya Pradesh,Central,Books,Fiction Novel,2,674.1,0.1,1213.38,954.73,258.65,UPI,Returning
ORD00369,2023-09-08,CUST0320,Myra Yadav,Kolkata,West Bengal,East,Electronics,USB-C Charger,3,352.22,0.25,792.5,566.2,226.3,Net Banking,Returning
ORD01790,2023-04-29,CUST0163,Vivaan Patel,Indore,Madhya Pradesh,Central,home & kitchen,Steel Water Bottle,3,800.91,0,2402.73,1562.9,839.83,Credit Card,New
ORD01177,2023-09-10,CUST0307,Ananya Patel,Jaipur,Rajasthan,North,books,Self Help Book,1,693.87,0,693.87,503.32,190.55,Net Banking,Returning
ORD00763,2024-01-18,CUST0002,Aarav Chauhan,Hyderabad,Telangana,South,Electronics,USB-C Charger,1,2459.1,0.15,2090.23,1598.69,491.54,Credit Card,New
ORD00557,2023-03-25,CUST0463,Priya Yadav,Indore,Madhya Pradesh,Central, Beauty,Moisturizer Cream,5,246.26,0.2,985.04,626.0,359.04,Debit Card,New
ORD01010,2023-12-17,CUST0475,Diya Gupta,Pune,Maharashtra,West,Clothing,Winter Jacket,4,390.6,0.15,1328.04,756.89,571.15,UPI,Returning
ORD01913,2024-06-14,CUST0217,Priya Chauhan,Pune,Maharashtra,West,books,Fiction Novel,2,475.62,0.2,760.99,601.93,159.06,Debit Card,New
ORD01018,2024-09-17,CUST0016,Myra Singh,Pune,Maharashtra,West,books,Self Help Book,3,163.47,0.25,367.81,277.68,90.13,Cash on Delivery,New
ORD01286,2024-10-29,CUST0440,Aditya Das,Mumbai,Maharashtra,West, Clothing ,Formal Shirt,7,1397.0,0.25,7334.25,5616.23,1718.02,Cash on Delivery,Returning
ORD00926,2024-02-25,CUST0472,Neha Patel,Kolkata,West Bengal,East,Home & Kitchen,Steel Water Bottle,3,362.5,0,1087.5,850.46,237.04,Net Banking,Returning
ORD01713,2023-02-21,CUST0052,Ishaan Gupta,Kolkata,West Bengal,East,Home & Kitchen,Steel Water Bottle,6,826.81,0,4960.86,3085.63,1875.23,Credit Card,Returning
ORD01573,2024-02-02,CUST0397,Kavya Mehta,Kolkata,West Bengal,East,sports,Yoga Mat,4,205.88,0.05,782.34,525.42,256.92,Cash on Delivery,New
ORD00916,2023-06-20,CUST0533,Simran Sharma,Bhubaneswar,Odisha,East,SPORTS,Skipping Rope,6,2237.69,0.05,12754.83,10055.97,2698.86,Net Banking,New
ORD00615,2023-07-25,CUST0061,Kabir Verma,Delhi,Delhi,North,Cloths,Formal Shirt,1,699.55,0,699.55,445.24,254.31,UPI,Returning
ORD00676,2024-03-07,CUST0345,Arjun Patel,Patna,Bihar,East,electronics,USB-C Charger,8,1775.3,0.25,10651.8,8013.41,2638.39,Net Banking,Returning
ORD01590,2023-04-04,CUST0528,Vivaan Kumar,Bengaluru,Karnataka,South,Books,Children Story Book,5,153.44,0.1,690.48,397.55,292.93,Net Banking,Returning
ORD00899,2023-04-17,CUST0018,Kabir Yadav,Chennai,Tamil Nadu,South,clothing,Women Kurti,4,,0.1,,,,Cash on Delivery,New
ORD00915,2023-06-12,CUST0008,Rohit Reddy,Delhi,Delhi,North,Home & Kitchen,Steel Water Bottle,7,340.08,0.05,2261.53,1285.23,976.3,Net Banking,New
ORD00313,2024-11-30,CUST0100,Neha Singh,Bhopal,Madhya Pradesh,Central,SPORTS,Football,7,1603.12,0.1,10099.66,6400.58,3699.08,Debit Card,New
ORD01360,2023-01-08,CUST0280,Kabir Mehta,Jaipur,Rajasthan,North,books,Children Story Book,1,623.95,0,623.95,486.45,137.5,Credit Card,New
ORD00275,2024-09-18,CUST0237,Arjun Patel,Kolkata,West Bengal,East,clothing,Formal Shirt,,434.11,0,,,,Cash on Delivery,Returning
ORD01999,2024-01-19,CUST0549,Reyansh Patel,Delhi,Delhi,North,Beauty,Moisturizer Cream,3,448.27,0,1344.81,936.96,407.85,UPI,Returning
ORD01550,2023-02-11,CUST0083,Neha Nair,Kolkata,West Bengal,East,Cloths,Men Cotton T-Shirt,5,883.83,0.05,4198.19,3031.76,1166.43,UPI,Returning
ORD01040,2024-12-11,CUST0319,Ananya Singh,Bengaluru,Karnataka,South,Cloths,Running Shoes,1,475.22,0,475.22,272.34,202.88,Cash on Delivery,Returning
ORD00127,2023-05-17,CUST0147,Simran Reddy,Pune,Maharashtra,West,SPORTS,Yoga Mat,3,1211.23,0,3633.69,2834.18,799.51,Cash on Delivery,Returning
ORD01759,2023-01-02,CUST0057,Diya Kapoor,Lucknow,Uttar Pradesh,North,SPORTS,Skipping Rope,7,1639.97,0.05,10905.8,7959.44,2946.36,UPI,Returning
ORD00160,2023-06-27,CUST0172,Kabir Yadav,Noida,Uttar Pradesh,North,Grocery,Cooking Oil 1L,2,988.45,0,1976.9,1499.53,477.37,Debit Card,Returning
ORD01047,2024-07-09,CUST0069,Pooja Iyer,Kolkata,West Bengal,East,grocery,Cooking Oil 1L,5,395.06,0,1975.3,1277.33,697.97,Credit Card,Returning
ORD01042,2024-01-02,CUST0014,Rahul Patel,Bhopal,Madhya Pradesh,Central,grocery,Almonds 500g,7,812.28,0.2,4548.77,2588.41,1960.36,UPI,New
ORD00682,2023-03-21,CUST0142,Rohit Nair,Chennai,Tamil Nadu,South,Clothing,Women Kurti,2,876.3,0.2,1402.08,823.98,578.1,Debit Card,Returning
ORD01764,2024-11-09,CUST0336,Aarav Sharma,Jaipur,Rajasthan,North,Beauty,Moisturizer Cream,4,299.43,0,1197.72,875.62,322.1,Net Banking,Returning
ORD00755,2024-05-09,CUST0425,Arjun Nair,Hyderabad,Telangana,South,SPORTS,Cricket Bat,7,1641.69,0.2,9193.46,6772.81,2420.65,Debit Card,Returning
ORD00431,2024-07-30,CUST0092,Myra Gupta,Bengaluru,Karnataka,South,Books,Self Help Book,5,632.05,0.15,2686.21,2071.02,615.19,Debit Card,Returning
ORD01914,2023-05-11,CUST0406,Aditya Patel,Bengaluru,Karnataka,South, Beauty,Hair Serum,1,421.62,0.1,379.46,255.59,123.87,Net Banking,New
ORD01585,2024-02-03,CUST0054,Kabir Patel,Kolkata,West Bengal,East,Clothing,Winter Jacket,6,1616.79,0.2,7760.59,5618.21,2142.38,Debit Card,Returning
ORD01639,2023-09-20,CUST0534,Arjun Gupta,Kolkata,West Bengal,East,grocery,Cooking Oil 1L,5,376.24,0,1881.2,1156.76,724.44,Cash on Delivery,New
ORD01430,2024-01-02,CUST0267,  Sai Yadav  ,Bhubaneswar,Odisha,East, Grocery,Almonds 500g,8,629.68,0,5037.44,2939.36,2098.08,UPI,Returning
ORD01232,2023-04-04,CUST0441,Rahul Kapoor,Hyderabad,Telangana,South, Beauty,Lipstick,7,303.24,0.2,1698.14,987.85,710.29,Net Banking,Returning
ORD00722,2023-03-19,CUST0116,Priya Gupta,Hyderabad,Telangana,South,Clothing,Running Shoes,4,1577.24,0.2,5047.17,3807.78,1239.39,Net Banking,Returning
ORD01606,2023-12-08,CUST0214,Ishaan Mehta,Mumbai,Maharashtra,West,grocery,Green Tea Pack,8,512.7,0.25,3076.2,1729.42,1346.78,Credit Card,Returning
ORD00710,2023-07-21,CUST0453,Aarav Kapoor,Pune,Maharashtra,West,Beauty,Face Wash,4,577.64,0,2310.56,1606.83,703.73,UPI,Returning
ORD00740,2023-08-24,CUST0544,Rohit Reddy,Delhi,Delhi,North,Home & Kitchen,Non-Stick Pan,4,1295.21,0,5180.84,3549.94,1630.9,Cash on Delivery,Returning
ORD01906,2024-10-10,CUST0026,Vihaan Mehta,Mumbai,Maharashtra,West,books,Self Help Book,7,479.26,0,3354.82,2258.27,1096.55,Credit Card,New
ORD01220,2023-12-24,CUST0171,Aarav Reddy,Mumbai,Maharashtra,West,Home & Kitchen,Storage Container Set,4,1361.77,0.15,4630.02,3067.63,1562.39,Credit Card,New
ORD00846,2024-09-19,CUST0143,Ishaan Yadav,Ahmedabad,Gujarat,West, Grocery,Green Tea Pack,6,740.36,0.05,4220.05,3162.96,1057.09,Cash on Delivery,New
ORD01743,2023-02-09,CUST0480,Rahul Kumar,Chennai,Tamil Nadu,South,Grocery,Cooking Oil 1L,6,565.79,0.1,3055.27,1758.53,1296.74,Cash on Delivery,New
ORD01911,2023-05-28,CUST0502,Kabir Singh,Patna,Bihar,East,Books,Cook Book,3,388.29,0.05,1106.63,805.98,300.65,Net Banking,New
ORD00909,2023-07-20,CUST0333,Ishaan Patel,Mumbai,Maharashtra,West,grocery,Green Tea Pack,4,578.24,0.2,1850.37,1460.64,389.73,UPI,New
ORD00055,2024-11-07,CUST0457,Karan Kapoor,Kolkata,West Bengal,East,books,Self Help Book,6,394.92,0.15,2014.09,1417.34,596.75,Net Banking,Returning
ORD00681,2023-10-17,CUST0435,Vihaan Das,Kolkata,West Bengal,East, Beauty,Face Wash,1,276.36,0.05,262.54,168.63,93.91,Debit Card,New
ORD01879,2024-02-10,CUST0198,Rohit Das,Delhi,Delhi,North,Clothing,Men Cotton T-Shirt,4,998.03,0.1,3592.91,2347.33,1245.58,Debit Card,Returning
ORD00487,2024-06-27,CUST0255,Priya Kapoor,Jaipur,Rajasthan,North, Beauty,Sunscreen SPF50,4,101.5,0.15,345.1,191.24,153.86,Debit Card,New
ORD00085,2024-04-28,CUST0419,Karan Verma,Delhi,Delhi,North,Grocery,Almonds 500g,7,502.68,0.2,2815.01,1812.62,1002.39,Cash on Delivery,New
ORD00595,2024-12-19,CUST0126,Vihaan Singh,Bengaluru,Karnataka,South,grocery,Green Tea Pack,1,548.03,0.25,411.02,296.03,114.99,Cash on Delivery,Returning
ORD01458,2024-06-06,CUST0390,Myra Iyer,Lucknow,Uttar Pradesh,North,grocery,Cooking Oil 1L,4,597.7,0,2390.8,1863.61,527.19,Net Banking,Returning
ORD00834,2024-12-14,CUST0549,Reyansh Patel,Patna,Bihar,East,Books,Children Story Book,8,244.66,0,1957.28,1095.99,861.29,Cash on Delivery,Returning
ORD00591,2024-05-15,CUST0484,Pooja Reddy,Pune,Maharashtra,West,Electronics,Webcam HD,5,2554.47,0,12772.35,9435.55,3336.8,UPI,New
ORD00523,2024-03-04,CUST0049,Aditya Das,Delhi,Delhi,North,Electronics,Wireless Mouse,6,871.34,0,5228.04,3438.62,1789.42,Debit Card,Returning
ORD01341,2024-06-11,CUST0508,Reyansh Singh,Chennai,Tamil Nadu,South,Sports,Football,7,227.42,0.1,1432.75,976.13,456.62,UPI,Returning
ORD00279,2023-02-25,CUST0146,  Vihaan Verma  ,Chennai,Tamil Nadu,South, Grocery,Almonds 500g,2,260.79,0,521.58,338.12,183.46,Debit Card,Returning
ORD01172,2024-09-22,CUST0064,Reyansh Patel,Mumbai,Maharashtra,West,beauty,Hair Serum,3,757.11,0.05,2157.76,1649.5,508.26,Credit Card,New
ORD01046,2023-03-28,CUST0408,Riya Gupta, Ahmedabad,Gujarat,West,clothing,Formal Shirt,3,1130.78,0.2,2713.87,1957.44,756.43,UPI,Returning
ORD00063,2024-08-17,CUST0346,Rahul Sharma,Indore,Madhya Pradesh,Central,Sports,Yoga Mat,5,1696.6,0.2,6786.4,4781.2,2005.2,UPI,Returning
ORD01510,2024-08-15,CUST0522,Arjun Patel,Delhi,Delhi,North,Home & Kitchen,Ceramic Mug Set,3,321.54,0.25,723.47,458.53,264.94,UPI,New
ORD00667,2023-04-07,CUST0260,Sai Reddy,Hyderabad,Telangana,South,ELECTRONICS,Wireless Mouse,8,1374.39,0.1,9895.61,6120.86,3774.75,UPI,New
ORD01732,2023-12-25,CUST0391,Pooja Chauhan, Jaipur,Rajasthan,North, Beauty,Hair Serum,7,481.91,0,3373.37,2259.46,1113.91,Credit Card,Returning
ORD01461,2023-03-08,CUST0478,Kabir Mehta,Kolkata,West Bengal,East,SPORTS,Skipping Rope,6,1178.61,0.05,6718.08,5342.82,1375.26,UPI,Returning
ORD01813,2023-02-08,CUST0474,Aarav Nair,Mumbai,Maharashtra,West,Books,Children Story Book,3,170.27,0.05,485.27,297.57,187.7,Cash on Delivery,New
ORD00236,2024-10-07,CUST0324,Riya Patel,Ahmedabad,Gujarat,West,beauty,Lipstick,1,417.72,0,417.72,252.25,165.47,Debit Card,Returning
ORD01515,2023-05-30,CUST0145,Myra Singh,Bhubaneswar,Odisha,East,grocery,Cooking Oil 1L,5,538.97,0,2694.85,1717.16,977.69,Net Banking,Returning
ORD01199,2024-08-29,CUST0067,Arjun Kumar,Lucknow,Uttar Pradesh,North,clothing,Winter Jacket,5,1809.72,0.2,7238.88,4455.52,2783.36,Debit Card,New
